fast_ema,slow_ema,rsi_period,rsi_overbought,rsi_oversold,atr_period,stop_atr,take_atr,final_capital,profit
10,30,14,75,25,14,2.0,2,1083.0000000000032,83.00000000000318
10,30,14,75,30,14,2.0,2,1083.0000000000032,83.00000000000318
15,20,14,75,25,14,2.0,2,1049.9400000000044,49.940000000004375
15,20,14,75,30,14,2.0,2,1049.9400000000044,49.940000000004375
10,30,14,75,30,14,1.0,2,1021.1700000000124,21.17000000001235
10,30,14,75,25,14,1.0,2,1021.1700000000124,21.17000000001235
15,20,14,75,25,14,1.0,2,1020.2500000000126,20.25000000001262
15,20,14,75,30,14,1.0,2,1020.2500000000126,20.25000000001262
10,30,14,75,30,14,1.5,2,1010.1400000000054,10.140000000005443
10,30,14,75,25,14,1.5,2,1010.1400000000054,10.140000000005443
10,30,14,70,25,14,1.0,3,1009.8700000000129,9.870000000012851
10,30,14,70,30,14,1.0,3,1009.8700000000129,9.870000000012851
5,40,14,75,30,14,2.0,2,1009.8500000000007,9.850000000000705
5,40,14,75,25,14,2.0,2,1009.8500000000007,9.850000000000705
20,50,14,75,25,14,1.5,4,1009.590000000004,9.59000000000401
20,50,14,75,30,14,1.5,4,1009.590000000004,9.59000000000401
10,30,14,75,25,14,1.0,3,1002.91000000001,2.9100000000099726
10,30,14,75,30,14,1.0,3,1002.91000000001,2.9100000000099726
15,20,14,70,30,14,1.0,3,1002.890000000012,2.890000000012037
15,20,14,70,25,14,1.0,3,1002.890000000012,2.890000000012037
10,30,14,75,25,14,2.0,4,1002.3200000000091,2.320000000009145
10,30,14,75,30,14,2.0,4,1002.3200000000091,2.320000000009145
15,70,14,75,25,14,1.5,4,1001.430000000004,1.4300000000040427
15,70,14,75,30,14,1.5,4,1001.430000000004,1.4300000000040427
20,60,14,75,30,14,1.5,4,1000.3500000000026,0.35000000000263753
20,60,14,75,25,14,1.5,4,1000.3500000000026,0.35000000000263753
15,80,14,75,25,14,1.5,4,998.5900000000015,-1.4099999999984902
15,80,14,75,30,14,1.5,4,998.5900000000015,-1.4099999999984902
10,30,14,70,25,14,2.0,3,998.4900000000058,-1.5099999999941929
10,30,14,70,30,14,2.0,3,998.4900000000058,-1.5099999999941929
15,20,14,75,30,14,1.0,3,998.2300000000097,-1.7699999999903184
15,20,14,75,25,14,1.0,3,998.2300000000097,-1.7699999999903184
10,30,14,70,30,14,1.0,4,997.8100000000098,-2.189999999990164
10,30,14,70,25,14,1.0,4,997.8100000000098,-2.189999999990164
10,30,14,70,30,14,2.0,4,996.5300000000083,-3.469999999991728
10,30,14,70,25,14,2.0,4,996.5300000000083,-3.469999999991728
15,20,14,70,25,14,1.0,4,995.100000000007,-4.899999999993042
15,20,14,70,30,14,1.0,4,995.100000000007,-4.899999999993042
15,60,14,75,30,14,1.5,4,993.200000000002,-6.799999999998022
15,60,14,75,25,14,1.5,4,993.200000000002,-6.799999999998022
15,80,14,75,25,14,2.0,4,992.0500000000029,-7.94999999999709
15,80,14,75,30,14,2.0,4,992.0500000000029,-7.94999999999709
10,30,14,75,25,14,1.5,4,991.3200000000083,-8.67999999999165
10,30,14,75,30,14,1.5,4,991.3200000000083,-8.67999999999165
5,80,14,75,30,14,1.5,4,991.270000000004,-8.72999999999604
5,80,14,75,25,14,1.5,4,991.270000000004,-8.72999999999604
15,60,14,75,30,14,2.0,4,989.5300000000034,-10.469999999996617
15,60,14,75,25,14,2.0,4,989.5300000000034,-10.469999999996617
15,70,14,75,25,14,2.0,4,989.3700000000053,-10.629999999994652
15,70,14,75,30,14,2.0,4,989.3700000000053,-10.629999999994652
20,60,14,75,25,14,2.0,4,989.2400000000046,-10.759999999995443
20,60,14,75,30,14,2.0,4,989.2400000000046,-10.759999999995443
10,80,14,75,30,14,2.0,4,988.7200000000028,-11.279999999997244
10,80,14,75,25,14,2.0,4,988.7200000000028,-11.279999999997244
20,40,14,75,30,14,1.5,4,988.4900000000022,-11.50999999999783
20,40,14,75,25,14,1.5,4,988.4900000000022,-11.50999999999783
10,80,14,75,30,14,1.5,4,988.1900000000024,-11.809999999997558
10,80,14,75,25,14,1.5,4,988.1900000000024,-11.809999999997558
20,50,14,75,25,14,2.0,4,988.1100000000055,-11.88999999999453
20,50,14,75,30,14,2.0,4,988.1100000000055,-11.88999999999453
10,70,14,75,30,14,2.0,4,987.3200000000047,-12.679999999995289
10,70,14,75,25,14,2.0,4,987.3200000000047,-12.679999999995289
10,70,14,75,30,14,1.5,4,986.7900000000043,-13.209999999995716
10,70,14,75,25,14,1.5,4,986.7900000000043,-13.209999999995716
10,30,14,75,25,14,1.0,4,985.160000000008,-14.83999999999196
10,30,14,75,30,14,1.0,4,985.160000000008,-14.83999999999196
20,40,14,75,30,14,2.0,4,984.8200000000039,-15.179999999996085
20,40,14,75,25,14,2.0,4,984.8200000000039,-15.179999999996085
15,50,14,75,25,14,2.0,4,984.8200000000039,-15.179999999996085
15,50,14,75,30,14,2.0,4,984.8200000000039,-15.179999999996085
10,60,14,75,30,14,2.0,4,984.3200000000028,-15.679999999997221
10,60,14,75,25,14,2.0,4,984.3200000000028,-15.679999999997221
15,50,14,75,30,14,1.5,4,984.2900000000035,-15.709999999996512
15,50,14,75,25,14,1.5,4,984.2900000000035,-15.709999999996512
10,60,14,75,30,14,1.5,4,983.7900000000025,-16.209999999997535
10,60,14,75,25,14,1.5,4,983.7900000000025,-16.209999999997535
15,20,14,75,25,14,1.0,4,983.1800000000054,-16.819999999994593
15,20,14,75,30,14,1.0,4,983.1800000000054,-16.819999999994593
5,30,14,75,25,14,2.0,2,981.5200000000087,-18.479999999991264
5,30,14,75,30,14,2.0,2,981.5200000000087,-18.479999999991264
15,20,14,75,30,14,1.5,2,981.480000000004,-18.519999999996003
15,20,14,75,25,14,1.5,2,981.480000000004,-18.519999999996003
10,90,14,75,25,14,2.0,4,980.7300000000034,-19.26999999999657
10,90,14,75,30,14,2.0,4,980.7300000000034,-19.26999999999657
10,100,14,75,30,14,1.5,4,980.3600000000037,-19.63999999999635
10,100,14,75,25,14,1.5,4,980.3600000000037,-19.63999999999635
10,90,14,75,30,14,1.5,4,980.2000000000031,-19.799999999996885
10,90,14,75,25,14,1.5,4,980.2000000000031,-19.799999999996885
20,60,14,75,25,14,1.0,4,977.8800000000028,-22.119999999997162
20,60,14,75,30,14,1.0,4,977.8800000000028,-22.119999999997162
15,20,14,75,25,14,2.0,4,977.4700000000072,-22.52999999999281
15,20,14,75,30,14,2.0,4,977.4700000000072,-22.52999999999281
20,50,14,75,30,14,1.5,2,977.0400000000072,-22.95999999999276
20,50,14,75,25,14,1.5,2,977.0400000000072,-22.95999999999276
10,40,14,75,25,14,2.0,4,975.8000000000042,-24.19999999999584
10,40,14,75,30,14,2.0,4,975.8000000000042,-24.19999999999584
5,70,14,75,25,14,2.0,4,975.6700000000028,-24.3299999999972
5,70,14,75,30,14,2.0,4,975.6700000000028,-24.3299999999972
10,80,14,75,30,14,1.5,2,975.1800000000067,-24.819999999993342
10,80,14,75,25,14,1.5,2,975.1800000000067,-24.819999999993342
20,70,14,75,30,14,1.5,4,974.7499999999985,-25.250000000001478
20,70,14,75,25,14,1.5,4,974.7499999999985,-25.250000000001478
20,50,14,75,25,14,1.0,4,974.540000000004,-25.459999999995944
20,50,14,75,30,14,1.0,4,974.540000000004,-25.459999999995944
15,90,14,75,30,14,1.5,4,974.3499999999981,-25.65000000000191
15,90,14,75,25,14,1.5,4,974.3499999999981,-25.65000000000191
10,100,14,75,30,14,2.0,4,974.3200000000038,-25.6799999999962
10,100,14,75,25,14,2.0,4,974.3200000000038,-25.6799999999962
10,70,14,75,30,14,1.5,2,973.6400000000089,-26.359999999991146
10,70,14,75,25,14,1.5,2,973.6400000000089,-26.359999999991146
10,60,14,75,25,14,1.5,2,970.3400000000067,-29.65999999999326
10,60,14,75,30,14,1.5,2,970.3400000000067,-29.65999999999326
5,80,14,75,25,14,2.0,4,970.0400000000019,-29.959999999998104
5,80,14,75,30,14,2.0,4,970.0400000000019,-29.959999999998104
15,60,14,70,30,14,1.0,4,969.7800000000065,-30.219999999993547
15,60,14,70,25,14,1.0,4,969.7800000000065,-30.219999999993547
15,60,14,75,25,14,1.5,2,969.6100000000054,-30.389999999994643
15,60,14,75,30,14,1.5,2,969.6100000000054,-30.389999999994643
15,80,14,75,30,14,1.0,4,969.0100000000023,-30.989999999997735
15,80,14,75,25,14,1.0,4,969.0100000000023,-30.989999999997735
20,40,14,75,30,14,1.5,2,968.8500000000058,-31.14999999999418
20,40,14,75,25,14,1.5,2,968.8500000000058,-31.14999999999418
10,50,14,75,25,14,2.0,4,968.1700000000039,-31.829999999996062
10,50,14,75,30,14,2.0,4,968.1700000000039,-31.829999999996062
5,100,14,75,25,14,1.5,4,966.9700000000066,-33.02999999999338
5,100,14,75,30,14,1.5,4,966.9700000000066,-33.02999999999338
5,90,14,75,25,14,1.5,4,966.5200000000057,-33.479999999994334
5,90,14,75,30,14,1.5,4,966.5200000000057,-33.479999999994334
10,80,14,75,25,14,2.0,2,965.7000000000032,-34.29999999999677
10,80,14,75,30,14,2.0,2,965.7000000000032,-34.29999999999677
20,40,14,70,25,14,1.0,4,965.1600000000069,-34.8399999999931
20,40,14,70,30,14,1.0,4,965.1600000000069,-34.8399999999931
15,20,14,75,25,14,1.5,4,965.0700000000065,-34.92999999999347
15,20,14,75,30,14,1.5,4,965.0700000000065,-34.92999999999347
10,90,14,75,25,14,1.5,2,964.9600000000075,-35.03999999999246
10,90,14,75,30,14,1.5,2,964.9600000000075,-35.03999999999246
15,50,14,75,25,14,1.5,2,964.650000000007,-35.349999999992974
15,50,14,75,30,14,1.5,2,964.650000000007,-35.349999999992974
10,40,14,75,25,14,1.5,4,964.5300000000033,-35.46999999999673
10,40,14,75,30,14,1.5,4,964.5300000000033,-35.46999999999673
10,70,14,75,25,14,2.0,2,964.3000000000052,-35.699999999994816
10,70,14,75,30,14,2.0,2,964.3000000000052,-35.699999999994816
10,80,14,75,30,14,1.0,4,963.7800000000041,-36.219999999995935
10,80,14,75,25,14,1.0,4,963.7800000000041,-36.219999999995935
10,70,14,75,30,14,1.0,4,962.5200000000057,-37.479999999994334
10,70,14,75,25,14,1.0,4,962.5200000000057,-37.479999999994334
10,60,14,75,30,14,1.0,4,962.1800000000039,-37.81999999999607
10,60,14,75,25,14,1.0,4,962.1800000000039,-37.81999999999607
10,60,14,75,30,14,2.0,2,961.3000000000033,-38.69999999999675
10,60,14,75,25,14,2.0,2,961.3000000000033,-38.69999999999675
10,80,14,70,30,14,1.0,4,960.9600000000069,-39.03999999999314
10,80,14,70,25,14,1.0,4,960.9600000000069,-39.03999999999314
20,50,14,75,25,14,2.0,2,960.4000000000052,-39.59999999999479
20,50,14,75,30,14,2.0,2,960.4000000000052,-39.59999999999479
10,90,14,70,25,14,1.0,4,960.3600000000079,-39.63999999999214
10,90,14,70,30,14,1.0,4,960.3600000000079,-39.63999999999214
15,90,14,75,30,14,2.0,4,959.8900000000016,-40.10999999999842
15,90,14,75,25,14,2.0,4,959.8900000000016,-40.10999999999842
10,70,14,70,30,14,1.0,4,959.7000000000087,-40.299999999991314
10,70,14,70,25,14,1.0,4,959.7000000000087,-40.299999999991314
10,90,14,75,30,14,1.0,4,959.3300000000045,-40.669999999995525
10,90,14,75,25,14,1.0,4,959.3300000000045,-40.669999999995525
15,20,14,70,30,14,2.0,4,958.8500000000059,-41.149999999994066
15,20,14,70,25,14,2.0,4,958.8500000000059,-41.149999999994066
15,60,14,75,30,14,1.0,4,958.1200000000028,-41.87999999999715
15,60,14,75,25,14,1.0,4,958.1200000000028,-41.87999999999715
10,90,14,75,30,14,2.0,2,957.8500000000039,-42.14999999999611
10,90,14,75,25,14,2.0,2,957.8500000000039,-42.14999999999611
10,50,14,75,30,14,1.5,4,957.8500000000031,-42.14999999999691
10,50,14,75,25,14,1.5,4,957.8500000000031,-42.14999999999691
20,60,14,75,30,14,1.5,2,957.6500000000058,-42.349999999994225
20,60,14,75,25,14,1.5,2,957.6500000000058,-42.349999999994225
10,100,14,75,25,14,1.0,4,957.1800000000044,-42.819999999995616
10,100,14,75,30,14,1.0,4,957.1800000000044,-42.819999999995616
20,50,14,75,25,14,1.0,3,957.0200000000077,-42.97999999999229
20,50,14,75,30,14,1.0,3,957.0200000000077,-42.97999999999229
10,60,14,70,25,14,1.0,4,957.000000000007,-42.99999999999295
10,60,14,70,30,14,1.0,4,957.000000000007,-42.99999999999295
15,70,14,75,25,14,1.5,2,956.9500000000074,-43.049999999992565
15,70,14,75,30,14,1.5,2,956.9500000000074,-43.049999999992565
15,60,14,70,30,14,1.5,3,956.7900000000069,-43.2099999999931
15,60,14,70,25,14,1.5,3,956.7900000000069,-43.2099999999931
15,70,14,75,25,14,1.0,4,956.7500000000045,-43.24999999999545
15,70,14,75,30,14,1.0,4,956.7500000000045,-43.24999999999545
15,60,14,75,30,14,2.0,2,956.7400000000029,-43.25999999999715
15,60,14,75,25,14,2.0,2,956.7400000000029,-43.25999999999715
15,60,14,70,25,14,1.0,3,956.5800000000105,-43.4199999999895
15,60,14,70,30,14,1.0,3,956.5800000000105,-43.4199999999895
20,60,14,75,30,14,1.0,3,956.2200000000065,-43.77999999999349
20,60,14,75,25,14,1.0,3,956.2200000000065,-43.77999999999349
20,50,14,70,30,14,1.0,4,956.1500000000065,-43.84999999999354
20,50,14,70,25,14,1.0,4,956.1500000000065,-43.84999999999354
15,20,14,70,30,14,2.0,3,955.5900000000058,-44.40999999999417
15,20,14,70,25,14,2.0,3,955.5900000000058,-44.40999999999417
10,30,14,70,30,14,1.5,4,955.1500000000058,-44.849999999994225
10,30,14,70,25,14,1.5,4,955.1500000000058,-44.849999999994225
10,30,14,75,30,14,2.0,3,954.61000000001,-45.38999999998998
10,30,14,75,25,14,2.0,3,954.61000000001,-45.38999999998998
15,60,14,70,25,14,1.5,4,954.3900000000046,-45.60999999999535
15,60,14,70,30,14,1.5,4,954.3900000000046,-45.60999999999535
20,30,14,75,30,14,1.5,4,953.7500000000024,-46.24999999999761
20,30,14,75,25,14,1.5,4,953.7500000000024,-46.24999999999761
10,80,14,70,25,14,1.0,3,953.6900000000097,-46.30999999999028
10,80,14,70,30,14,1.0,3,953.6900000000097,-46.30999999999028
20,40,14,75,25,14,1.0,4,953.5000000000032,-46.49999999999682
20,40,14,75,30,14,1.0,4,953.5000000000032,-46.49999999999682
15,80,14,75,25,14,1.0,3,953.2700000000075,-46.729999999992515
15,80,14,75,30,14,1.0,3,953.2700000000075,-46.729999999992515
20,30,14,75,25,14,2.0,4,953.2700000000026,-46.7299999999974
20,30,14,75,30,14,2.0,4,953.2700000000026,-46.7299999999974
15,40,14,75,25,14,2.0,4,952.9400000000002,-47.05999999999983
15,40,14,75,30,14,2.0,4,952.9400000000002,-47.05999999999983
15,50,14,75,25,14,2.0,2,952.7700000000034,-47.22999999999661
20,40,14,75,30,14,2.0,2,952.7700000000034,-47.22999999999661
15,50,14,75,30,14,2.0,2,952.7700000000034,-47.22999999999661
20,40,14,75,25,14,2.0,2,952.7700000000034,-47.22999999999661
10,70,14,70,25,14,1.0,3,952.4300000000114,-47.56999999998857
10,70,14,70,30,14,1.0,3,952.4300000000114,-47.56999999998857
15,40,14,75,25,14,1.5,4,952.2499999999999,-47.750000000000114
15,40,14,75,30,14,1.5,4,952.2499999999999,-47.750000000000114
20,40,14,70,25,14,1.5,3,952.1700000000073,-47.82999999999265
20,40,14,70,30,14,1.5,3,952.1700000000073,-47.82999999999265
15,80,14,75,25,14,1.5,2,952.0700000000045,-47.929999999995516
15,80,14,75,30,14,1.5,2,952.0700000000045,-47.929999999995516
20,40,14,70,30,14,1.0,3,951.960000000011,-48.03999999998905
20,40,14,70,25,14,1.0,3,951.960000000011,-48.03999999998905
15,50,14,75,25,14,1.0,4,951.9400000000045,-48.05999999999551
15,50,14,75,30,14,1.0,4,951.9400000000045,-48.05999999999551
15,50,14,70,30,14,1.0,3,951.8800000000119,-48.11999999998807
15,50,14,70,25,14,1.0,3,951.8800000000119,-48.11999999998807
10,100,14,75,30,14,1.5,2,951.810000000008,-48.18999999999198
10,100,14,75,25,14,1.5,2,951.810000000008,-48.18999999999198
10,80,14,70,25,14,1.5,3,951.4800000000075,-48.51999999999248
10,80,14,70,30,14,1.5,3,951.4800000000075,-48.51999999999248
15,60,14,75,25,14,1.0,3,951.4100000000109,-48.58999999998912
15,60,14,75,30,14,1.0,3,951.4100000000109,-48.58999999998912
20,70,14,75,30,14,2.0,4,950.3100000000024,-49.68999999999755
20,70,14,75,25,14,2.0,4,950.3100000000024,-49.68999999999755
10,70,14,70,25,14,1.5,3,950.2200000000093,-49.77999999999065
10,70,14,70,30,14,1.5,3,950.2200000000093,-49.77999999999065
10,30,14,70,30,14,2.0,2,950.0000000000023,-49.999999999997726
10,30,14,70,25,14,2.0,2,950.0000000000023,-49.999999999997726
15,70,14,75,25,14,2.0,2,949.8400000000049,-50.15999999999508
15,70,14,75,30,14,2.0,2,949.8400000000049,-50.15999999999508
20,40,14,70,30,14,1.5,4,949.7700000000051,-50.2299999999949
20,40,14,70,25,14,1.5,4,949.7700000000051,-50.2299999999949
10,60,14,70,30,14,1.0,3,949.7300000000098,-50.269999999990205
10,60,14,70,25,14,1.0,3,949.7300000000098,-50.269999999990205
10,80,14,75,30,14,1.0,3,949.6300000000106,-50.36999999998943
10,80,14,75,25,14,1.0,3,949.6300000000106,-50.36999999998943
20,70,14,75,25,14,1.0,4,949.4699999999993,-50.530000000000655
20,70,14,75,30,14,1.0,4,949.4699999999993,-50.530000000000655
5,80,14,70,25,14,1.5,4,949.1500000000068,-50.8499999999932
5,80,14,70,30,14,1.5,4,949.1500000000068,-50.8499999999932
10,80,14,70,30,14,1.5,4,949.0800000000053,-50.91999999999473
10,80,14,70,25,14,1.5,4,949.0800000000053,-50.91999999999473
10,70,14,75,25,14,1.0,3,948.3700000000123,-51.62999999998772
10,70,14,75,30,14,1.0,3,948.3700000000123,-51.62999999998772
15,50,14,70,25,14,1.5,3,947.9700000000086,-52.029999999991446
15,50,14,70,30,14,1.5,3,947.9700000000086,-52.029999999991446
15,50,14,75,30,14,1.0,3,947.8200000000127,-52.17999999998733
15,50,14,75,25,14,1.0,3,947.8200000000127,-52.17999999998733
10,70,14,70,30,14,1.5,4,947.820000000007,-52.179999999993015
10,70,14,70,25,14,1.5,4,947.820000000007,-52.179999999993015
10,40,14,75,30,14,2.0,2,947.5400000000006,-52.459999999999354
10,40,14,75,25,14,2.0,2,947.5400000000006,-52.459999999999354
10,60,14,70,30,14,1.5,3,947.5200000000076,-52.4799999999924
10,60,14,70,25,14,1.5,3,947.5200000000076,-52.4799999999924
10,90,14,70,25,14,1.0,3,946.8800000000105,-53.119999999989545
10,90,14,70,30,14,1.0,3,946.8800000000105,-53.119999999989545
20,40,14,75,30,14,1.0,3,946.7900000000112,-53.20999999998878
20,40,14,75,25,14,1.0,3,946.7900000000112,-53.20999999998878
15,50,14,70,30,14,1.0,4,946.7600000000076,-53.23999999999239
15,50,14,70,25,14,1.0,4,946.7600000000076,-53.23999999999239
5,100,14,75,25,14,2.0,4,945.7900000000047,-54.20999999999526
5,100,14,75,30,14,2.0,4,945.7900000000047,-54.20999999999526
10,60,14,75,25,14,1.0,3,945.6700000000105,-54.32999999998947
10,60,14,75,30,14,1.0,3,945.6700000000105,-54.32999999998947
15,50,14,70,30,14,1.5,4,945.5700000000063,-54.4299999999937
15,50,14,70,25,14,1.5,4,945.5700000000063,-54.4299999999937
5,90,14,75,25,14,2.0,4,945.2900000000036,-54.7099999999964
5,90,14,75,30,14,2.0,4,945.2900000000036,-54.7099999999964
10,60,14,70,25,14,1.5,4,945.1200000000053,-54.87999999999465
10,60,14,70,30,14,1.5,4,945.1200000000053,-54.87999999999465
20,50,14,70,25,14,1.0,3,944.730000000009,-55.269999999991
20,50,14,70,30,14,1.0,3,944.730000000009,-55.269999999991
10,90,14,70,30,14,1.5,3,944.6700000000083,-55.32999999999174
10,90,14,70,25,14,1.5,3,944.6700000000083,-55.32999999999174
5,70,14,75,30,14,1.5,4,943.4300000000053,-56.56999999999471
5,70,14,75,25,14,1.5,4,943.4300000000053,-56.56999999999471
20,70,14,75,30,14,1.5,2,942.8900000000014,-57.10999999999865
20,70,14,75,25,14,1.5,2,942.8900000000014,-57.10999999999865
10,90,14,75,25,14,1.0,3,942.8200000000112,-57.17999999998881
10,90,14,75,30,14,1.0,3,942.8200000000112,-57.17999999998881
10,90,14,70,25,14,1.5,4,942.270000000006,-57.72999999999399
10,90,14,70,30,14,1.5,4,942.270000000006,-57.72999999999399
15,60,14,70,25,14,2.0,3,942.0300000000052,-57.9699999999948
15,60,14,70,30,14,2.0,3,942.0300000000052,-57.9699999999948
20,50,14,70,30,14,1.5,3,941.9600000000077,-58.03999999999235
20,50,14,70,25,14,1.5,3,941.9600000000077,-58.03999999999235
15,80,14,75,30,14,2.0,2,941.8000000000019,-58.19999999999811
15,80,14,75,25,14,2.0,2,941.8000000000019,-58.19999999999811
20,70,14,75,30,14,1.0,3,941.6300000000058,-58.36999999999421
20,70,14,75,25,14,1.0,3,941.6300000000058,-58.36999999999421
15,70,14,75,25,14,1.0,3,941.3200000000097,-58.67999999999029
15,70,14,75,30,14,1.0,3,941.3200000000097,-58.67999999999029
10,50,14,75,25,14,2.0,2,941.0500000000035,-58.94999999999652
10,50,14,75,30,14,2.0,2,941.0500000000035,-58.94999999999652
10,100,14,75,30,14,2.0,2,940.2600000000042,-59.7399999999958
10,100,14,75,25,14,2.0,2,940.2600000000042,-59.7399999999958
15,80,14,75,25,14,1.5,3,940.2500000000118,-59.74999999998818
15,80,14,75,30,14,1.5,3,940.2500000000118,-59.74999999998818
20,60,14,75,25,14,1.5,3,940.220000000013,-59.77999999998701
20,60,14,75,30,14,1.5,3,940.220000000013,-59.77999999998701
10,30,14,70,25,14,1.5,3,939.9700000000074,-60.02999999999258
10,30,14,70,30,14,1.5,3,939.9700000000074,-60.02999999999258
5,70,14,75,25,14,2.0,2,939.6599999999999,-60.340000000000146
5,70,14,75,30,14,2.0,2,939.6599999999999,-60.340000000000146
20,50,14,70,25,14,1.5,4,939.5600000000054,-60.4399999999946
20,50,14,70,30,14,1.5,4,939.5600000000054,-60.4399999999946
15,70,14,70,25,14,1.0,4,938.900000000007,-61.099999999992974
15,70,14,70,30,14,1.0,4,938.900000000007,-61.099999999992974
20,60,14,75,25,14,2.0,2,938.5100000000035,-61.489999999996485
20,60,14,75,30,14,2.0,2,938.5100000000035,-61.489999999996485
15,90,14,75,30,14,1.0,4,938.4899999999992,-61.51000000000079
15,90,14,75,25,14,1.0,4,938.4899999999992,-61.51000000000079
5,80,14,75,30,14,2.0,2,938.2200000000007,-61.77999999999929
5,80,14,75,25,14,2.0,2,938.2200000000007,-61.77999999999929
15,90,14,75,30,14,1.0,3,938.1100000000073,-61.88999999999271
15,90,14,75,25,14,1.0,3,938.1100000000073,-61.88999999999271
15,60,14,70,25,14,2.0,4,938.1000000000031,-61.89999999999691
15,60,14,70,30,14,2.0,4,938.1000000000031,-61.89999999999691
15,70,14,70,30,14,1.5,4,937.6100000000057,-62.3899999999943
15,70,14,70,25,14,1.5,4,937.6100000000057,-62.3899999999943
10,50,14,75,25,14,1.5,2,937.5700000000062,-62.42999999999381
10,50,14,75,30,14,1.5,2,937.5700000000062,-62.42999999999381
20,40,14,70,30,14,2.0,3,937.4100000000057,-62.58999999999435
20,40,14,70,25,14,2.0,3,937.4100000000057,-62.58999999999435
5,40,14,75,25,14,1.0,2,937.0200000000125,-62.97999999998751
5,40,14,75,30,14,1.0,2,937.0200000000125,-62.97999999998751
15,90,14,75,30,14,1.5,2,936.8800000000009,-63.119999999999095
15,90,14,75,25,14,1.5,2,936.8800000000009,-63.119999999999095
10,50,14,75,25,14,1.0,4,936.7300000000046,-63.269999999995434
10,50,14,75,30,14,1.0,4,936.7300000000046,-63.269999999995434
10,80,14,70,25,14,2.0,3,936.7200000000057,-63.27999999999429
10,80,14,70,30,14,2.0,3,936.7200000000057,-63.27999999999429
15,20,14,75,30,14,2.0,3,936.5500000000075,-63.44999999999254
15,20,14,75,25,14,2.0,3,936.5500000000075,-63.44999999999254
10,70,14,70,25,14,2.0,3,935.4600000000075,-64.53999999999246
10,70,14,70,30,14,2.0,3,935.4600000000075,-64.53999999999246
5,80,14,70,30,14,1.5,3,935.3500000000108,-64.64999999998918
5,80,14,70,25,14,1.5,3,935.3500000000108,-64.64999999998918
20,50,14,75,25,14,1.0,2,934.8000000000121,-65.19999999998788
20,50,14,75,30,14,1.0,2,934.8000000000121,-65.19999999998788
10,100,14,70,25,14,1.0,4,934.8000000000054,-65.19999999999459
10,100,14,70,30,14,1.0,4,934.8000000000054,-65.19999999999459
15,20,14,70,25,14,1.5,4,934.6700000000036,-65.3299999999964
15,20,14,70,30,14,1.5,4,934.6700000000036,-65.3299999999964
5,40,14,70,25,14,2.0,3,934.2500000000043,-65.74999999999568
5,40,14,70,30,14,2.0,3,934.2500000000043,-65.74999999999568
10,40,14,75,30,14,1.5,2,934.0900000000034,-65.90999999999656
10,40,14,75,25,14,1.5,2,934.0900000000034,-65.90999999999656
20,40,14,70,25,14,2.0,4,933.4800000000035,-66.51999999999646
20,40,14,70,30,14,2.0,4,933.4800000000035,-66.51999999999646
5,40,14,70,25,14,2.0,4,933.4500000000065,-66.54999999999347
5,40,14,70,30,14,2.0,4,933.4500000000065,-66.54999999999347
15,50,14,70,25,14,2.0,3,933.2100000000067,-66.78999999999326
15,50,14,70,30,14,2.0,3,933.2100000000067,-66.78999999999326
10,100,14,75,30,14,1.0,3,932.8800000000082,-67.11999999999182
10,100,14,75,25,14,1.0,3,932.8800000000082,-67.11999999999182
15,70,14,70,25,14,1.5,3,932.8500000000081,-67.1499999999919
15,70,14,70,30,14,1.5,3,932.8500000000081,-67.1499999999919
10,80,14,70,25,14,2.0,4,932.7900000000036,-67.2099999999964
10,80,14,70,30,14,2.0,4,932.7900000000036,-67.2099999999964
10,60,14,70,30,14,2.0,3,932.7600000000058,-67.23999999999421
10,60,14,70,25,14,2.0,3,932.7600000000058,-67.23999999999421
20,50,14,75,25,14,1.5,3,932.520000000014,-67.47999999998603
20,50,14,75,30,14,1.5,3,932.520000000014,-67.47999999998603
10,80,14,75,25,14,1.0,2,932.4300000000112,-67.5699999999888
10,80,14,75,30,14,1.0,2,932.4300000000112,-67.5699999999888
10,50,14,70,30,14,1.0,4,931.8000000000079,-68.19999999999209
10,50,14,70,25,14,1.0,4,931.8000000000079,-68.19999999999209
10,70,14,70,30,14,2.0,4,931.5300000000054,-68.46999999999457
10,70,14,70,25,14,2.0,4,931.5300000000054,-68.46999999999457
15,70,14,70,30,14,1.0,3,931.2600000000112,-68.73999999998875
15,70,14,70,25,14,1.0,3,931.2600000000112,-68.73999999998875
15,40,14,75,25,14,1.0,4,931.0500000000013,-68.94999999999868
15,40,14,75,30,14,1.0,4,931.0500000000013,-68.94999999999868
10,70,14,75,30,14,1.0,2,930.8900000000134,-69.1099999999866
10,70,14,75,25,14,1.0,2,930.8900000000134,-69.1099999999866
15,30,14,75,30,14,2.0,4,930.8300000000037,-69.16999999999632
15,30,14,75,25,14,2.0,4,930.8300000000037,-69.16999999999632
10,20,14,75,30,14,2.0,3,929.9900000000105,-70.00999999998953
10,20,14,75,25,14,2.0,3,929.9900000000105,-70.00999999998953
10,90,14,70,25,14,2.0,3,929.9100000000064,-70.08999999999355
10,90,14,70,30,14,2.0,3,929.9100000000064,-70.08999999999355
15,50,14,70,30,14,2.0,4,929.2800000000046,-70.71999999999537
15,50,14,70,25,14,2.0,4,929.2800000000046,-70.71999999999537
10,40,14,70,25,14,1.5,3,928.9200000000083,-71.07999999999174
10,40,14,70,30,14,1.5,3,928.9200000000083,-71.07999999999174
10,60,14,70,30,14,2.0,4,928.8300000000037,-71.16999999999632
10,60,14,70,25,14,2.0,4,928.8300000000037,-71.16999999999632
15,40,14,75,25,14,1.5,2,928.1100000000032,-71.8899999999968
15,40,14,75,30,14,1.5,2,928.1100000000032,-71.8899999999968
10,60,14,75,30,14,1.0,2,927.5900000000113,-72.40999999998871
10,60,14,75,25,14,1.0,2,927.5900000000113,-72.40999999998871
15,20,14,70,25,14,2.0,2,927.580000000003,-72.419999999997
15,20,14,70,30,14,2.0,2,927.580000000003,-72.419999999997
15,40,14,70,30,14,1.0,4,927.2900000000047,-72.70999999999526
15,40,14,70,25,14,1.0,4,927.2900000000047,-72.70999999999526
20,50,14,70,30,14,2.0,3,927.2000000000058,-72.79999999999416
20,50,14,70,25,14,2.0,3,927.2000000000058,-72.79999999999416
5,100,14,70,25,14,1.5,4,927.1400000000092,-72.8599999999908
5,100,14,70,30,14,1.5,4,927.1400000000092,-72.8599999999908
5,90,14,70,30,14,1.5,4,926.6900000000082,-73.30999999999176
5,90,14,70,25,14,1.5,4,926.6900000000082,-73.30999999999176
10,50,14,70,25,14,1.0,3,926.6400000000103,-73.35999999998967
10,50,14,70,30,14,1.0,3,926.6400000000103,-73.35999999998967
10,40,14,70,30,14,1.5,4,926.520000000006,-73.47999999999399
10,40,14,70,25,14,1.5,4,926.520000000006,-73.47999999999399
10,80,14,75,25,14,2.0,3,926.5100000000068,-73.48999999999319
10,80,14,75,30,14,2.0,3,926.5100000000068,-73.48999999999319
5,40,14,75,25,14,2.0,4,926.2100000000063,-73.78999999999371
5,40,14,75,30,14,2.0,4,926.2100000000063,-73.78999999999371
10,90,14,70,25,14,2.0,4,925.9800000000043,-74.01999999999566
10,90,14,70,30,14,2.0,4,925.9800000000043,-74.01999999999566
10,70,14,75,30,14,2.0,3,925.2500000000085,-74.74999999999147
10,70,14,75,25,14,2.0,3,925.2500000000085,-74.74999999999147
10,30,14,75,25,14,1.5,3,924.9500000000057,-75.04999999999427
10,30,14,75,30,14,1.5,3,924.9500000000057,-75.04999999999427
15,70,14,75,25,14,1.5,3,924.4100000000143,-75.58999999998571
15,70,14,75,30,14,1.5,3,924.4100000000143,-75.58999999998571
15,60,14,75,30,14,2.0,3,924.3200000000073,-75.67999999999267
15,60,14,75,25,14,2.0,3,924.3200000000073,-75.67999999999267
10,50,14,75,30,14,1.0,3,923.970000000011,-76.02999999998895
10,50,14,75,25,14,1.0,3,923.970000000011,-76.02999999998895
5,70,14,75,30,14,1.5,2,923.6300000000057,-76.36999999999432
5,70,14,75,25,14,1.5,2,923.6300000000057,-76.36999999999432
5,30,14,75,25,14,1.0,2,923.5600000000213,-76.43999999997868
5,30,14,75,30,14,1.0,2,923.5600000000213,-76.43999999997868
20,50,14,70,25,14,2.0,4,923.2700000000037,-76.72999999999627
20,50,14,70,30,14,2.0,4,923.2700000000037,-76.72999999999627
5,60,14,75,30,14,2.0,4,923.0600000000073,-76.93999999999266
5,60,14,75,25,14,2.0,4,923.0600000000073,-76.93999999999266
15,50,14,75,25,14,2.0,3,923.0000000000078,-76.99999999999216
20,40,14,75,30,14,2.0,3,923.0000000000078,-76.99999999999216
20,40,14,75,25,14,2.0,3,923.0000000000078,-76.99999999999216
15,50,14,75,30,14,2.0,3,923.0000000000078,-76.99999999999216
20,30,14,75,25,14,1.5,2,922.7200000000049,-77.27999999999508
20,30,14,75,30,14,1.5,2,922.7200000000049,-77.27999999999508
10,60,14,75,30,14,2.0,3,922.5500000000069,-77.44999999999311
10,60,14,75,25,14,2.0,3,922.5500000000069,-77.44999999999311
10,20,14,75,30,14,1.0,3,922.5100000000166,-77.48999999998341
10,20,14,75,25,14,1.0,3,922.5100000000166,-77.48999999998341
5,80,14,75,30,14,1.0,4,922.4600000000022,-77.5399999999978
5,80,14,75,25,14,1.0,4,922.4600000000022,-77.5399999999978
10,40,14,75,30,14,2.0,3,922.360000000008,-77.63999999999203
10,40,14,75,25,14,2.0,3,922.360000000008,-77.63999999999203
10,90,14,75,30,14,1.0,2,922.1600000000118,-77.83999999998821
10,90,14,75,25,14,1.0,2,922.1600000000118,-77.83999999998821
5,40,14,75,30,14,1.5,2,922.0300000000054,-77.96999999999457
5,40,14,75,25,14,1.5,2,922.0300000000054,-77.96999999999457
10,40,14,70,30,14,1.5,2,921.990000000003,-78.00999999999704
10,40,14,70,25,14,1.5,2,921.990000000003,-78.00999999999704
20,30,14,75,25,14,1.0,4,921.9300000000034,-78.06999999999664
20,30,14,75,30,14,1.0,4,921.9300000000034,-78.06999999999664
20,50,14,75,25,14,2.0,3,921.5900000000088,-78.40999999999121
20,50,14,75,30,14,2.0,3,921.5900000000088,-78.40999999999121
10,100,14,75,25,14,1.0,2,921.4200000000111,-78.5799999999889
10,100,14,75,30,14,1.0,2,921.4200000000111,-78.5799999999889
15,30,14,75,25,14,1.5,4,920.9300000000029,-79.0699999999971
15,30,14,75,30,14,1.5,4,920.9300000000029,-79.0699999999971
10,50,14,70,25,14,1.5,3,920.8200000000082,-79.17999999999176
10,50,14,70,30,14,1.5,3,920.8200000000082,-79.17999999999176
20,60,14,75,30,14,1.0,2,920.6900000000084,-79.30999999999165
20,60,14,75,25,14,1.0,2,920.6900000000084,-79.30999999999165
5,40,14,70,30,14,1.0,3,920.2200000000126,-79.77999999998735
5,40,14,70,25,14,1.0,3,920.2200000000126,-79.77999999998735
10,100,14,70,25,14,1.0,3,920.1000000000081,-79.8999999999919
10,100,14,70,30,14,1.0,3,920.1000000000081,-79.8999999999919
5,80,14,70,30,14,1.0,3,919.8300000000094,-80.16999999999064
5,80,14,70,25,14,1.0,3,919.8300000000094,-80.16999999999064
15,40,14,75,25,14,1.0,3,919.5400000000078,-80.45999999999219
15,40,14,75,30,14,1.0,3,919.5400000000078,-80.45999999999219
10,100,14,70,25,14,1.5,4,918.9300000000054,-81.0699999999946
10,100,14,70,30,14,1.5,4,918.9300000000054,-81.0699999999946
10,50,14,70,25,14,1.5,4,918.420000000006,-81.57999999999402
10,50,14,70,30,14,1.5,4,918.420000000006,-81.57999999999402
5,80,14,75,25,14,1.0,3,918.4100000000101,-81.58999999998991
5,80,14,75,30,14,1.0,3,918.4100000000101,-81.58999999998991
5,70,14,75,30,14,2.0,3,917.9200000000071,-82.07999999999288
5,70,14,75,25,14,2.0,3,917.9200000000071,-82.07999999999288
5,80,14,70,25,14,1.0,4,917.5300000000055,-82.46999999999446
5,80,14,70,30,14,1.0,4,917.5300000000055,-82.46999999999446
5,60,14,70,30,14,2.0,4,917.4300000000059,-82.56999999999414
5,60,14,70,25,14,2.0,4,917.4300000000059,-82.56999999999414
10,20,14,70,30,14,2.0,3,917.2700000000108,-82.72999999998922
10,20,14,70,25,14,2.0,3,917.2700000000108,-82.72999999998922
5,80,14,75,30,14,2.0,3,917.2400000000063,-82.75999999999374
5,80,14,75,25,14,2.0,3,917.2400000000063,-82.75999999999374
20,30,14,70,30,14,1.0,4,917.0000000000067,-82.99999999999329
20,30,14,70,25,14,1.0,4,917.0000000000067,-82.99999999999329
20,30,14,70,30,14,1.5,3,916.7200000000075,-83.27999999999247
20,30,14,70,25,14,1.5,3,916.7200000000075,-83.27999999999247
20,30,14,75,30,14,1.0,3,916.6400000000114,-83.35999999998864
20,30,14,75,25,14,1.0,3,916.6400000000114,-83.35999999998864
15,70,14,75,30,14,2.0,3,916.6400000000089,-83.35999999999115
15,70,14,75,25,14,2.0,3,916.6400000000089,-83.35999999999115
15,70,14,70,25,14,2.0,4,916.6000000000039,-83.39999999999611
15,70,14,70,30,14,2.0,4,916.6000000000039,-83.39999999999611
15,20,14,70,30,14,1.0,2,916.5300000000118,-83.4699999999882
15,20,14,70,25,14,1.0,2,916.5300000000118,-83.4699999999882
15,40,14,75,25,14,2.0,2,916.4999999999999,-83.50000000000011
15,40,14,75,30,14,2.0,2,916.4999999999999,-83.50000000000011
15,40,14,70,25,14,1.5,3,916.390000000005,-83.60999999999501
15,40,14,70,30,14,1.5,3,916.390000000005,-83.60999999999501
15,90,14,75,30,14,2.0,2,916.2000000000005,-83.7999999999995
15,90,14,75,25,14,2.0,2,916.2000000000005,-83.7999999999995
10,30,14,70,25,14,1.0,2,915.7600000000117,-84.2399999999883
10,30,14,70,30,14,1.0,2,915.7600000000117,-84.2399999999883
10,90,14,75,25,14,2.0,3,915.5200000000074,-84.47999999999263
10,90,14,75,30,14,2.0,3,915.5200000000074,-84.47999999999263
20,70,14,75,25,14,2.0,2,915.2700000000013,-84.72999999999865
20,70,14,75,30,14,2.0,2,915.2700000000013,-84.72999999999865
15,70,14,70,25,14,2.0,3,915.1600000000063,-84.83999999999367
15,70,14,70,30,14,2.0,3,915.1600000000063,-84.83999999999367
15,40,14,70,25,14,1.0,3,915.0000000000072,-84.99999999999284
15,40,14,70,30,14,1.0,3,915.0000000000072,-84.99999999999284
20,30,14,70,30,14,1.5,4,914.3200000000053,-85.67999999999472
20,30,14,70,25,14,1.5,4,914.3200000000053,-85.67999999999472
10,50,14,75,25,14,2.0,3,914.260000000008,-85.73999999999205
10,50,14,75,30,14,2.0,3,914.260000000008,-85.73999999999205
15,20,14,70,25,14,1.5,3,914.2200000000049,-85.77999999999508
15,20,14,70,30,14,1.5,3,914.2200000000049,-85.77999999999508
10,40,14,70,25,14,2.0,3,914.1600000000064,-85.83999999999355
10,40,14,70,30,14,2.0,3,914.1600000000064,-85.83999999999355
10,100,14,70,25,14,1.5,3,914.1300000000075,-85.8699999999925
10,100,14,70,30,14,1.5,3,914.1300000000075,-85.8699999999925
20,90,14,75,30,14,2.0,2,914.0800000000191,-85.91999999998086
20,90,14,75,25,14,2.0,2,914.0800000000191,-85.91999999998086
15,40,14,70,25,14,1.5,4,913.9900000000027,-86.00999999999726
15,40,14,70,30,14,1.5,4,913.9900000000027,-86.00999999999726
20,60,14,75,25,14,2.0,3,913.9200000000079,-86.07999999999208
20,60,14,75,30,14,2.0,3,913.9200000000079,-86.07999999999208
15,80,14,75,30,14,2.0,3,913.8600000000065,-86.1399999999935
15,80,14,75,25,14,2.0,3,913.8600000000065,-86.1399999999935
5,100,14,75,25,14,2.0,2,913.5400000000033,-86.45999999999674
5,100,14,75,30,14,2.0,2,913.5400000000033,-86.45999999999674
5,100,14,70,30,14,1.5,3,913.3400000000132,-86.65999999998678
5,100,14,70,25,14,1.5,3,913.3400000000132,-86.65999999998678
20,30,14,70,25,14,1.0,3,913.3400000000106,-86.6599999999894
20,30,14,70,30,14,1.0,3,913.3400000000106,-86.6599999999894
5,90,14,75,25,14,2.0,2,913.0900000000023,-86.9099999999977
5,90,14,75,30,14,2.0,2,913.0900000000023,-86.9099999999977
5,90,14,70,30,14,1.5,3,912.8900000000123,-87.10999999998774
5,90,14,70,25,14,1.5,3,912.8900000000123,-87.10999999998774
20,30,14,75,30,14,2.0,2,912.3500000000015,-87.6499999999985
20,30,14,75,25,14,2.0,2,912.3500000000015,-87.6499999999985
10,50,14,70,25,14,1.5,2,911.7000000000056,-88.29999999999438
10,50,14,70,30,14,1.5,2,911.7000000000056,-88.29999999999438
15,60,14,75,30,14,1.5,3,911.1900000000054,-88.8099999999946
15,60,14,75,25,14,1.5,3,911.1900000000054,-88.8099999999946
5,40,14,75,30,14,1.0,3,911.1600000000103,-88.83999999998969
5,40,14,75,25,14,1.0,3,911.1600000000103,-88.83999999998969
5,60,14,75,30,14,2.0,2,910.3900000000007,-89.60999999999933
5,60,14,75,25,14,2.0,2,910.3900000000007,-89.60999999999933
15,40,14,70,30,14,1.5,2,910.2400000000039,-89.75999999999613
15,40,14,70,25,14,1.5,2,910.2400000000039,-89.75999999999613
20,90,14,75,30,14,1.5,2,910.0900000000122,-89.9099999999878
20,90,14,75,25,14,1.5,2,910.0900000000122,-89.9099999999878
10,40,14,75,25,14,1.0,3,909.3100000000077,-90.68999999999232
10,40,14,75,30,14,1.0,3,909.3100000000077,-90.68999999999232
5,80,14,70,30,14,2.0,3,909.0400000000046,-90.95999999999538
5,80,14,70,25,14,2.0,3,909.0400000000046,-90.95999999999538
5,40,14,70,25,14,1.0,4,908.6900000000098,-91.30999999999017
5,40,14,70,30,14,1.0,4,908.6900000000098,-91.30999999999017
10,50,14,70,30,14,2.0,3,907.3100000000064,-92.68999999999357
10,50,14,70,25,14,2.0,3,907.3100000000064,-92.68999999999357
10,100,14,75,30,14,1.5,3,906.9400000000139,-93.05999999998608
10,100,14,75,25,14,1.5,3,906.9400000000139,-93.05999999998608
10,100,14,75,25,14,2.0,3,905.6500000000071,-94.34999999999286
10,100,14,75,30,14,2.0,3,905.6500000000071,-94.34999999999286
15,30,14,75,30,14,2.0,2,905.4900000000032,-94.50999999999681
15,30,14,75,25,14,2.0,2,905.4900000000032,-94.50999999999681
5,70,14,70,30,14,2.0,3,905.4800000000062,-94.51999999999384
5,70,14,70,25,14,2.0,3,905.4800000000062,-94.51999999999384
20,70,14,75,25,14,1.0,2,905.3300000000044,-94.66999999999564
20,70,14,75,30,14,1.0,2,905.3300000000044,-94.66999999999564
5,80,14,70,30,14,2.0,4,905.1100000000025,-94.88999999999749
5,80,14,70,25,14,2.0,4,905.1100000000025,-94.88999999999749
15,20,14,75,25,14,1.5,3,905.0700000000037,-94.92999999999631
15,20,14,75,30,14,1.5,3,905.0700000000037,-94.92999999999631
10,40,14,70,30,14,2.0,2,905.0600000000011,-94.93999999999892
10,40,14,70,25,14,2.0,2,905.0600000000011,-94.93999999999892
5,70,14,70,25,14,2.0,4,904.9200000000039,-95.07999999999606
5,70,14,70,30,14,2.0,4,904.9200000000039,-95.07999999999606
20,30,14,70,25,14,1.5,2,904.8500000000056,-95.1499999999944
20,30,14,70,30,14,1.5,2,904.8500000000056,-95.1499999999944
10,40,14,70,30,14,1.0,3,904.770000000007,-95.22999999999297
10,40,14,70,25,14,1.0,3,904.770000000007,-95.22999999999297
10,40,14,70,30,14,2.0,4,904.2700000000044,-95.72999999999558
10,40,14,70,25,14,2.0,4,904.2700000000044,-95.72999999999558
5,20,14,75,30,14,2.0,2,903.5900000000086,-96.40999999999144
5,20,14,75,25,14,2.0,2,903.5900000000086,-96.40999999999144
20,40,14,75,30,14,1.5,3,903.5300000000057,-96.46999999999434
20,40,14,75,25,14,1.5,3,903.5300000000057,-96.46999999999434
10,60,14,75,25,14,1.5,3,903.5300000000052,-96.4699999999948
10,60,14,75,30,14,1.5,3,903.5300000000052,-96.4699999999948
15,60,14,75,25,14,1.0,2,903.2900000000136,-96.7099999999864
15,60,14,75,30,14,1.0,2,903.2900000000136,-96.7099999999864
10,80,14,75,25,14,1.5,3,903.2300000000056,-96.76999999999441
10,80,14,75,30,14,1.5,3,903.2300000000056,-96.76999999999441
20,30,14,70,30,14,2.0,3,903.2000000000056,-96.79999999999438
20,30,14,70,25,14,2.0,3,903.2000000000056,-96.79999999999438
5,30,14,70,25,14,2.0,3,903.0500000000111,-96.9499999999889
5,30,14,70,30,14,2.0,3,903.0500000000111,-96.9499999999889
15,30,14,75,30,14,1.5,2,902.9100000000058,-97.08999999999423
15,30,14,75,25,14,1.5,2,902.9100000000058,-97.08999999999423
10,20,14,70,25,14,1.0,3,902.2700000000183,-97.72999999998171
10,20,14,70,30,14,1.0,3,902.2700000000183,-97.72999999998171
20,40,14,75,25,14,1.0,2,902.2300000000142,-97.76999999998577
20,40,14,75,30,14,1.0,2,902.2300000000142,-97.76999999998577
20,90,14,75,25,14,1.5,4,901.920000000006,-98.07999999999402
20,90,14,75,30,14,1.5,4,901.920000000006,-98.07999999999402
10,70,14,75,25,14,1.5,3,901.8300000000075,-98.16999999999246
10,70,14,75,30,14,1.5,3,901.8300000000075,-98.16999999999246
10,20,14,75,25,14,2.0,2,901.8100000000102,-98.18999999998982
10,20,14,75,30,14,2.0,2,901.8100000000102,-98.18999999998982
15,40,14,70,25,14,2.0,3,901.6300000000032,-98.36999999999682
15,40,14,70,30,14,2.0,3,901.6300000000032,-98.36999999999682
5,80,14,75,25,14,1.5,2,901.0300000000075,-98.96999999999252
5,80,14,75,30,14,1.5,2,901.0300000000075,-98.96999999999252
20,90,14,75,25,14,1.5,3,900.6200000000171,-99.37999999998294
20,90,14,75,30,14,1.5,3,900.6200000000171,-99.37999999998294
10,30,14,70,25,14,1.5,2,899.600000000004,-100.399999999996
10,30,14,70,30,14,1.5,2,899.600000000004,-100.399999999996
5,30,14,75,25,14,2.0,4,899.3700000000077,-100.62999999999226
5,30,14,75,30,14,2.0,4,899.3700000000077,-100.62999999999226
15,50,14,75,30,14,1.5,3,899.3300000000067,-100.66999999999325
15,50,14,75,25,14,1.5,3,899.3300000000067,-100.66999999999325
5,70,14,70,25,14,2.0,2,899.030000000001,-100.969999999999
5,70,14,70,30,14,2.0,2,899.030000000001,-100.969999999999
10,40,14,75,30,14,1.0,2,898.9800000000079,-101.01999999999214
10,40,14,75,25,14,1.0,2,898.9800000000079,-101.01999999999214
10,50,14,70,25,14,2.0,2,898.9200000000037,-101.07999999999629
10,50,14,70,30,14,2.0,2,898.9200000000037,-101.07999999999629
5,40,14,70,25,14,2.0,2,898.1800000000009,-101.81999999999914
5,40,14,70,30,14,2.0,2,898.1800000000009,-101.81999999999914
5,70,14,70,30,14,1.5,3,898.0200000000107,-101.97999999998933
5,70,14,70,25,14,1.5,3,898.0200000000107,-101.97999999998933
5,60,14,70,30,14,1.0,4,897.67000000001,-102.32999999999004
5,60,14,70,25,14,1.0,4,897.67000000001,-102.32999999999004
10,50,14,70,30,14,2.0,4,897.4200000000044,-102.57999999999561
10,50,14,70,25,14,2.0,4,897.4200000000044,-102.57999999999561
10,40,14,75,25,14,1.0,4,897.1600000000016,-102.83999999999844
10,40,14,75,30,14,1.0,4,897.1600000000016,-102.83999999999844
5,40,14,75,30,14,1.0,4,897.1200000000082,-102.87999999999181
5,40,14,75,25,14,1.0,4,897.1200000000082,-102.87999999999181
20,90,14,75,25,14,1.0,4,896.960000000008,-103.039999999992
20,90,14,75,30,14,1.0,4,896.960000000008,-103.039999999992
5,100,14,75,30,14,1.0,4,896.9400000000046,-103.0599999999954
5,100,14,75,25,14,1.0,4,896.9400000000046,-103.0599999999954
15,30,14,70,25,14,1.0,4,896.8800000000073,-103.11999999999273
15,30,14,70,30,14,1.0,4,896.8800000000073,-103.11999999999273
5,90,14,75,30,14,1.0,4,896.4900000000036,-103.50999999999635
5,90,14,75,25,14,1.0,4,896.4900000000036,-103.50999999999635
10,100,14,70,25,14,2.0,3,896.4500000000058,-103.54999999999416
10,100,14,70,30,14,2.0,3,896.4500000000058,-103.54999999999416
15,90,14,75,30,14,2.0,3,896.2500000000057,-103.74999999999432
15,90,14,75,25,14,2.0,3,896.2500000000057,-103.74999999999432
10,20,14,70,25,14,2.0,4,896.1700000000087,-103.82999999999129
10,20,14,70,30,14,2.0,4,896.1700000000087,-103.82999999999129
10,50,14,75,25,14,1.0,2,896.1000000000113,-103.89999999998872
10,50,14,75,30,14,1.0,2,896.1000000000113,-103.89999999998872
10,100,14,70,25,14,2.0,4,896.1000000000034,-103.89999999999657
10,100,14,70,30,14,2.0,4,896.1000000000034,-103.89999999999657
5,30,14,75,30,14,1.5,2,895.9200000000131,-104.07999999998685
5,30,14,75,25,14,1.5,2,895.9200000000131,-104.07999999998685
10,90,14,75,25,14,1.5,3,895.5400000000062,-104.45999999999378
10,90,14,75,30,14,1.5,3,895.5400000000062,-104.45999999999378
15,50,14,75,25,14,1.0,2,895.4300000000151,-104.56999999998493
15,50,14,75,30,14,1.0,2,895.4300000000151,-104.56999999998493
15,30,14,75,25,14,1.0,4,895.040000000004,-104.95999999999594
15,30,14,75,30,14,1.0,4,895.040000000004,-104.95999999999594
20,80,14,75,25,14,1.5,2,894.4800000000071,-105.51999999999293
20,80,14,75,30,14,1.5,2,894.4800000000071,-105.51999999999293
5,60,14,75,30,14,1.5,4,894.1200000000091,-105.8799999999909
5,60,14,75,25,14,1.5,4,894.1200000000091,-105.8799999999909
5,70,14,70,25,14,1.5,4,894.0900000000086,-105.90999999999144
5,70,14,70,30,14,1.5,4,894.0900000000086,-105.90999999999144
5,40,14,75,25,14,2.0,3,893.9600000000073,-106.03999999999269
5,40,14,75,30,14,2.0,3,893.9600000000073,-106.03999999999269
20,80,14,75,30,14,2.0,2,893.7300000000138,-106.26999999998623
20,80,14,75,25,14,2.0,2,893.7300000000138,-106.26999999998623
5,80,14,70,25,14,2.0,2,893.5200000000003,-106.47999999999968
5,80,14,70,30,14,2.0,2,893.5200000000003,-106.47999999999968
20,30,14,70,25,14,2.0,4,893.3100000000036,-106.68999999999642
20,30,14,70,30,14,2.0,4,893.3100000000036,-106.68999999999642
5,40,14,75,25,14,1.5,4,893.0500000000083,-106.94999999999175
5,40,14,75,30,14,1.5,4,893.0500000000083,-106.94999999999175
20,30,14,75,25,14,2.0,3,892.9900000000067,-107.00999999999328
20,30,14,75,30,14,2.0,3,892.9900000000067,-107.00999999999328
15,40,14,70,30,14,2.0,4,892.9100000000012,-107.08999999999878
15,40,14,70,25,14,2.0,4,892.9100000000012,-107.08999999999878
5,100,14,70,30,14,1.0,3,892.5800000000118,-107.41999999998825
5,100,14,70,25,14,1.0,3,892.5800000000118,-107.41999999998825
5,100,14,75,30,14,2.0,3,892.5600000000088,-107.43999999999119
5,100,14,75,25,14,2.0,3,892.5600000000088,-107.43999999999119
10,40,14,70,30,14,1.0,4,892.2300000000049,-107.7699999999951
10,40,14,70,25,14,1.0,4,892.2300000000049,-107.7699999999951
5,90,14,70,30,14,1.0,3,892.1300000000108,-107.8699999999892
5,90,14,70,25,14,1.0,3,892.1300000000108,-107.8699999999892
5,90,14,75,25,14,2.0,3,892.1100000000079,-107.88999999999214
5,90,14,75,30,14,2.0,3,892.1100000000079,-107.88999999999214
5,100,14,70,25,14,1.0,4,892.010000000008,-107.98999999999205
5,100,14,70,30,14,1.0,4,892.010000000008,-107.98999999999205
20,70,14,75,30,14,2.0,3,891.9500000000065,-108.04999999999347
20,70,14,75,25,14,2.0,3,891.9500000000065,-108.04999999999347
5,90,14,70,25,14,1.0,4,891.560000000007,-108.439999999993
5,90,14,70,30,14,1.0,4,891.560000000007,-108.439999999993
5,80,14,75,30,14,1.5,3,891.4600000000081,-108.53999999999189
5,80,14,75,25,14,1.5,3,891.4600000000081,-108.53999999999189
15,40,14,75,25,14,2.0,3,891.4200000000043,-108.57999999999572
15,40,14,75,30,14,2.0,3,891.4200000000043,-108.57999999999572
5,40,14,70,25,14,1.5,4,891.3300000000066,-108.66999999999337
5,40,14,70,30,14,1.5,4,891.3300000000066,-108.66999999999337
5,30,14,75,25,14,1.0,3,891.1800000000193,-108.81999999998072
5,30,14,75,30,14,1.0,3,891.1800000000193,-108.81999999998072
5,100,14,75,25,14,1.0,3,891.1600000000125,-108.83999999998753
5,100,14,75,30,14,1.0,3,891.1600000000125,-108.83999999998753
5,90,14,75,30,14,1.0,3,890.7100000000115,-109.28999999998848
5,90,14,75,25,14,1.0,3,890.7100000000115,-109.28999999998848
5,60,14,75,30,14,1.0,4,890.6400000000081,-109.35999999999194
5,60,14,75,25,14,1.0,4,890.6400000000081,-109.35999999999194
5,30,14,70,25,14,2.0,4,889.840000000008,-110.15999999999201
5,30,14,70,30,14,2.0,4,889.840000000008,-110.15999999999201
20,70,14,75,30,14,1.5,3,889.7500000000017,-110.2499999999983
20,70,14,75,25,14,1.5,3,889.7500000000017,-110.2499999999983
10,40,14,75,30,14,1.5,3,889.5900000000044,-110.40999999999565
10,40,14,75,25,14,1.5,3,889.5900000000044,-110.40999999999565
15,90,14,75,25,14,1.5,3,889.3500000000014,-110.64999999999861
15,90,14,75,30,14,1.5,3,889.3500000000014,-110.64999999999861
15,40,14,70,30,14,2.0,2,889.09,-110.90999999999997
15,40,14,70,25,14,2.0,2,889.09,-110.90999999999997
5,60,14,75,30,14,1.5,2,888.2400000000058,-111.75999999999419
5,60,14,75,25,14,1.5,2,888.2400000000058,-111.75999999999419
15,80,14,75,25,14,1.0,2,888.1200000000107,-111.87999999998931
15,80,14,75,30,14,1.0,2,888.1200000000107,-111.87999999998931
20,30,14,70,30,14,2.0,2,887.7700000000015,-112.22999999999854
20,30,14,70,25,14,2.0,2,887.7700000000015,-112.22999999999854
15,70,14,75,25,14,1.0,2,887.7200000000158,-112.27999999998417
15,70,14,75,30,14,1.0,2,887.7200000000158,-112.27999999998417
10,20,14,75,25,14,1.0,2,887.5700000000194,-112.42999999998062
10,20,14,75,30,14,1.0,2,887.5700000000194,-112.42999999998062
20,80,14,75,30,14,1.0,4,887.5000000000038,-112.49999999999625
20,80,14,75,25,14,1.0,4,887.5000000000038,-112.49999999999625
15,30,14,70,30,14,1.0,3,887.4500000000098,-112.54999999999018
15,30,14,70,25,14,1.0,3,887.4500000000098,-112.54999999999018
5,70,14,70,25,14,1.5,2,887.3800000000059,-112.61999999999409
5,70,14,70,30,14,1.5,2,887.3800000000059,-112.61999999999409
15,30,14,70,25,14,1.5,2,885.3800000000055,-114.61999999999455
15,30,14,70,30,14,1.5,2,885.3800000000055,-114.61999999999455
15,30,14,70,30,14,1.5,3,885.2600000000081,-114.73999999999194
15,30,14,70,25,14,1.5,3,885.2600000000081,-114.73999999999194
15,30,14,75,30,14,1.0,3,885.2200000000106,-114.7799999999894
15,30,14,75,25,14,1.0,3,885.2200000000106,-114.7799999999894
5,100,14,70,30,14,2.0,3,884.3600000000072,-115.63999999999282
5,100,14,70,25,14,2.0,3,884.3600000000072,-115.63999999999282
15,20,14,70,25,14,1.5,2,884.2000000000024,-115.79999999999757
15,20,14,70,30,14,1.5,2,884.2000000000024,-115.79999999999757
15,40,14,75,25,14,1.0,2,884.130000000008,-115.86999999999205
15,40,14,75,30,14,1.0,2,884.130000000008,-115.86999999999205
5,90,14,70,25,14,2.0,3,883.9100000000062,-116.08999999999378
5,90,14,70,30,14,2.0,3,883.9100000000062,-116.08999999999378
15,30,14,70,25,14,1.5,4,882.8600000000058,-117.13999999999419
15,30,14,70,30,14,1.5,4,882.8600000000058,-117.13999999999419
5,80,14,70,30,14,1.5,2,882.0100000000081,-117.98999999999194
5,80,14,70,25,14,1.5,2,882.0100000000081,-117.98999999999194
5,50,14,75,30,14,2.0,2,881.5000000000018,-118.49999999999818
5,50,14,75,25,14,2.0,2,881.5000000000018,-118.49999999999818
5,70,14,70,30,14,1.0,3,881.2500000000097,-118.74999999999034
5,70,14,70,25,14,1.0,3,881.2500000000097,-118.74999999999034
5,100,14,75,30,14,1.5,2,880.8100000000102,-119.18999999998982
5,100,14,75,25,14,1.5,2,880.8100000000102,-119.18999999998982
20,90,14,75,30,14,1.0,3,880.6700000000142,-119.32999999998583
20,90,14,75,25,14,1.0,3,880.6700000000142,-119.32999999998583
5,100,14,70,30,14,2.0,4,880.4300000000051,-119.56999999999493
5,100,14,70,25,14,2.0,4,880.4300000000051,-119.56999999999493
5,90,14,75,30,14,1.5,2,880.310000000009,-119.68999999999096
5,90,14,75,25,14,1.5,2,880.310000000009,-119.68999999999096
5,90,14,70,25,14,2.0,4,879.9800000000041,-120.01999999999589
5,90,14,70,30,14,2.0,4,879.9800000000041,-120.01999999999589
15,30,14,75,25,14,2.0,3,878.7000000000078,-121.29999999999222
15,30,14,75,30,14,2.0,3,878.7000000000078,-121.29999999999222
5,30,14,75,30,14,2.0,3,878.5600000000118,-121.43999999998823
5,30,14,75,25,14,2.0,3,878.5600000000118,-121.43999999998823
10,50,14,75,25,14,1.5,3,877.6900000000043,-122.30999999999574
10,50,14,75,30,14,1.5,3,877.6900000000043,-122.30999999999574
15,100,14,75,25,14,1.5,2,877.3800000000061,-122.61999999999387
15,100,14,75,30,14,1.5,2,877.3800000000061,-122.61999999999387
5,70,14,75,30,14,1.0,3,876.9100000000101,-123.08999999998991
5,70,14,75,25,14,1.0,3,876.9100000000101,-123.08999999998991
5,30,14,70,30,14,2.0,2,876.7600000000078,-123.23999999999216
5,30,14,70,25,14,2.0,2,876.7600000000078,-123.23999999999216
20,30,14,75,30,14,1.5,3,876.5600000000051,-123.43999999999494
20,30,14,75,25,14,1.5,3,876.5600000000051,-123.43999999999494
15,40,14,75,25,14,1.5,3,876.2300000000025,-123.76999999999748
15,40,14,75,30,14,1.5,3,876.2300000000025,-123.76999999999748
5,50,14,75,30,14,2.0,4,876.0700000000078,-123.92999999999222
5,50,14,75,25,14,2.0,4,876.0700000000078,-123.92999999999222
10,20,14,75,25,14,2.0,4,875.7100000000103,-124.28999999998973
10,20,14,75,30,14,2.0,4,875.7100000000103,-124.28999999998973
5,60,14,75,25,14,2.0,3,875.5300000000079,-124.46999999999207
5,60,14,75,30,14,2.0,3,875.5300000000079,-124.46999999999207
20,90,14,75,25,14,2.0,3,875.1200000000144,-124.87999999998556
20,90,14,75,30,14,2.0,3,875.1200000000144,-124.87999999998556
10,60,14,70,30,14,1.5,2,875.0600000000064,-124.93999999999357
10,60,14,70,25,14,1.5,2,875.0600000000064,-124.93999999999357
10,80,14,70,30,14,1.5,2,874.7600000000068,-125.23999999999319
10,80,14,70,25,14,1.5,2,874.7600000000068,-125.23999999999319
20,80,14,75,30,14,1.5,3,874.6100000000121,-125.38999999998794
20,80,14,75,25,14,1.5,3,874.6100000000121,-125.38999999998794
20,80,14,75,30,14,1.5,4,873.7100000000016,-126.28999999999837
20,80,14,75,25,14,1.5,4,873.7100000000016,-126.28999999999837
5,70,14,70,30,14,1.0,4,873.6700000000072,-126.32999999999276
5,70,14,70,25,14,1.0,4,873.6700000000072,-126.32999999999276
10,40,14,70,25,14,1.0,2,873.2300000000085,-126.76999999999146
10,40,14,70,30,14,1.0,2,873.2300000000085,-126.76999999999146
15,90,14,75,25,14,1.0,2,873.1900000000071,-126.8099999999929
15,90,14,75,30,14,1.0,2,873.1900000000071,-126.8099999999929
5,30,14,70,30,14,1.0,3,872.3600000000206,-127.63999999997941
5,30,14,70,25,14,1.0,3,872.3600000000206,-127.63999999997941
15,100,14,75,30,14,2.0,2,871.9600000000128,-128.03999999998723
15,100,14,75,25,14,2.0,2,871.9600000000128,-128.03999999998723
5,40,14,70,30,14,1.5,3,871.5400000000083,-128.45999999999174
5,40,14,70,25,14,1.5,3,871.5400000000083,-128.45999999999174
20,90,14,75,25,14,2.0,4,871.310000000013,-128.68999999998698
20,90,14,75,30,14,2.0,4,871.310000000013,-128.68999999998698
20,80,14,75,30,14,1.0,3,871.2100000000099,-128.78999999999007
20,80,14,75,25,14,1.0,3,871.2100000000099,-128.78999999999007
5,90,14,70,30,14,2.0,2,871.0200000000018,-128.9799999999982
5,90,14,70,25,14,2.0,2,871.0200000000018,-128.9799999999982
5,100,14,70,30,14,2.0,2,871.0200000000018,-128.9799999999982
5,100,14,70,25,14,2.0,2,871.0200000000018,-128.9799999999982
20,100,14,75,25,14,1.5,4,870.6200000000023,-129.37999999999772
20,100,14,75,30,14,1.5,4,870.6200000000023,-129.37999999999772
5,60,14,70,30,14,2.0,2,870.5400000000006,-129.45999999999935
5,60,14,70,25,14,2.0,2,870.5400000000006,-129.45999999999935
15,30,14,70,30,14,2.0,3,870.5000000000063,-129.49999999999375
15,30,14,70,25,14,2.0,3,870.5000000000063,-129.49999999999375
10,70,14,70,30,14,1.5,2,870.0500000000086,-129.9499999999914
10,70,14,70,25,14,1.5,2,870.0500000000086,-129.9499999999914
5,90,14,75,25,14,1.5,3,868.9600000000096,-131.0399999999904
5,90,14,75,30,14,1.5,3,868.9600000000096,-131.0399999999904
5,50,14,70,30,14,2.0,4,868.8400000000067,-131.15999999999326
5,50,14,70,25,14,2.0,4,868.8400000000067,-131.15999999999326
15,100,14,75,30,14,1.0,4,868.680000000003,-131.31999999999698
15,100,14,75,25,14,1.0,4,868.680000000003,-131.31999999999698
15,30,14,70,30,14,2.0,2,868.0400000000034,-131.95999999999663
15,30,14,70,25,14,2.0,2,868.0400000000034,-131.95999999999663
5,70,14,75,25,14,1.0,2,867.9900000000113,-132.00999999998874
5,70,14,75,30,14,1.0,2,867.9900000000113,-132.00999999998874
15,30,14,70,25,14,2.0,4,867.6700000000039,-132.32999999999606
15,30,14,70,30,14,2.0,4,867.6700000000039,-132.32999999999606
15,60,14,70,30,14,1.5,2,867.2200000000053,-132.77999999999474
15,60,14,70,25,14,1.5,2,867.2200000000053,-132.77999999999474
5,30,14,75,25,14,1.0,4,867.0200000000116,-132.97999999998842
5,30,14,75,30,14,1.0,4,867.0200000000116,-132.97999999998842
10,50,14,70,25,14,1.0,2,866.7500000000119,-133.24999999998806
10,50,14,70,30,14,1.0,2,866.7500000000119,-133.24999999998806
20,40,14,70,30,14,1.5,2,866.5500000000059,-133.44999999999413
20,40,14,70,25,14,1.5,2,866.5500000000059,-133.44999999999413
15,100,14,75,25,14,1.5,3,866.4400000000111,-133.55999999998892
15,100,14,75,30,14,1.5,3,866.4400000000111,-133.55999999998892
15,30,14,75,30,14,1.0,2,865.4300000000105,-134.56999999998948
15,30,14,75,25,14,1.0,2,865.4300000000105,-134.56999999998948
5,60,14,70,25,14,1.5,4,865.3600000000059,-134.63999999999407
5,60,14,70,30,14,1.5,4,865.3600000000059,-134.63999999999407
5,100,14,75,25,14,1.5,3,864.7600000000111,-135.23999999998887
5,100,14,75,30,14,1.5,3,864.7600000000111,-135.23999999998887
10,20,14,75,30,14,1.0,4,864.2600000000134,-135.7399999999866
10,20,14,75,25,14,1.0,4,864.2600000000134,-135.7399999999866
5,70,14,75,30,14,1.0,4,864.0800000000037,-135.91999999999632
5,70,14,75,25,14,1.0,4,864.0800000000037,-135.91999999999632
15,100,14,75,30,14,1.5,4,863.7100000000005,-136.2899999999995
15,100,14,75,25,14,1.5,4,863.7100000000005,-136.2899999999995
5,80,14,75,25,14,1.0,2,862.7100000000117,-137.28999999998825
5,80,14,75,30,14,1.0,2,862.7100000000117,-137.28999999998825
10,90,14,70,30,14,1.5,2,862.6800000000071,-137.3199999999929
10,90,14,70,25,14,1.5,2,862.6800000000071,-137.3199999999929
5,60,14,70,25,14,1.5,2,862.470000000005,-137.52999999999497
5,60,14,70,30,14,1.5,2,862.470000000005,-137.52999999999497
15,50,14,70,25,14,1.5,2,862.3500000000071,-137.64999999999293
15,50,14,70,30,14,1.5,2,862.3500000000071,-137.64999999999293
15,40,14,70,30,14,1.0,2,861.9100000000086,-138.0899999999914
15,40,14,70,25,14,1.0,2,861.9100000000086,-138.0899999999914
10,20,14,75,25,14,1.5,2,860.8900000000078,-139.10999999999217
10,20,14,75,30,14,1.5,2,860.8900000000078,-139.10999999999217
20,50,14,70,30,14,1.5,2,860.7800000000059,-139.21999999999412
20,50,14,70,25,14,1.5,2,860.7800000000059,-139.21999999999412
10,20,14,75,30,14,1.5,3,860.4900000000138,-139.50999999998623
10,20,14,75,25,14,1.5,3,860.4900000000138,-139.50999999998623
5,90,14,70,30,14,1.5,2,859.5100000000095,-140.48999999999046
5,90,14,70,25,14,1.5,2,859.5100000000095,-140.48999999999046
5,50,14,70,25,14,1.0,4,859.4000000000133,-140.59999999998672
5,50,14,70,30,14,1.0,4,859.4000000000133,-140.59999999998672
15,100,14,75,30,14,1.0,3,859.0600000000104,-140.9399999999896
15,100,14,75,25,14,1.0,3,859.0600000000104,-140.9399999999896
10,60,14,70,30,14,2.0,2,857.0200000000023,-142.97999999999774
10,60,14,70,25,14,2.0,2,857.0200000000023,-142.97999999999774
5,50,14,75,25,14,1.5,2,856.9200000000063,-143.07999999999367
5,50,14,75,30,14,1.5,2,856.9200000000063,-143.07999999999367
20,30,14,75,30,14,1.0,2,856.220000000013,-143.779999999987
20,30,14,75,25,14,1.0,2,856.220000000013,-143.779999999987
10,80,14,70,25,14,2.0,2,856.2200000000016,-143.77999999999838
10,80,14,70,30,14,2.0,2,856.2200000000016,-143.77999999999838
20,40,14,70,30,14,2.0,2,856.0200000000004,-143.97999999999956
20,40,14,70,25,14,2.0,2,856.0200000000004,-143.97999999999956
5,70,14,75,25,14,1.5,3,856.0100000000064,-143.98999999999364
5,70,14,75,30,14,1.5,3,856.0100000000064,-143.98999999999364
5,100,14,70,25,14,1.5,2,855.3100000000111,-144.6899999999889
5,100,14,70,30,14,1.5,2,855.3100000000111,-144.6899999999889
10,20,14,75,25,14,1.5,4,855.0200000000093,-144.9799999999907
10,20,14,75,30,14,1.5,4,855.0200000000093,-144.9799999999907
10,20,14,70,25,14,1.5,3,854.9800000000124,-145.0199999999876
10,20,14,70,30,14,1.5,3,854.9800000000124,-145.0199999999876
10,70,14,70,25,14,2.0,2,854.8200000000036,-145.17999999999643
10,70,14,70,30,14,2.0,2,854.8200000000036,-145.17999999999643
15,60,14,70,30,14,2.0,2,851.9900000000004,-148.00999999999965
15,60,14,70,25,14,2.0,2,851.9900000000004,-148.00999999999965
15,50,14,70,25,14,2.0,2,851.8200000000015,-148.17999999999847
15,50,14,70,30,14,2.0,2,851.8200000000015,-148.17999999999847
5,30,14,75,30,14,1.5,4,851.5300000000109,-148.4699999999891
5,30,14,75,25,14,1.5,4,851.5300000000109,-148.4699999999891
20,100,14,75,25,14,1.5,2,851.4700000000062,-148.52999999999383
20,100,14,75,30,14,1.5,2,851.4700000000062,-148.52999999999383
20,100,14,75,25,14,2.0,4,849.2500000000064,-150.74999999999363
20,100,14,75,30,14,2.0,4,849.2500000000064,-150.74999999999363
20,80,14,75,25,14,1.0,2,848.9600000000095,-151.03999999999053
20,80,14,75,30,14,1.0,2,848.9600000000095,-151.03999999999053
5,50,14,75,25,14,1.0,4,848.8000000000116,-151.19999999998845
5,50,14,75,30,14,1.0,4,848.8000000000116,-151.19999999998845
5,40,14,75,30,14,1.5,3,848.5500000000058,-151.44999999999425
5,40,14,75,25,14,1.5,3,848.5500000000058,-151.44999999999425
5,50,14,75,25,14,1.5,4,846.7500000000097,-153.24999999999034
5,50,14,75,30,14,1.5,4,846.7500000000097,-153.24999999999034
15,70,14,70,30,14,1.5,2,846.5700000000062,-153.4299999999938
15,70,14,70,25,14,1.5,2,846.5700000000062,-153.4299999999938
10,20,14,70,25,14,1.0,4,846.0300000000125,-153.96999999998752
10,20,14,70,30,14,1.0,4,846.0300000000125,-153.96999999998752
5,60,14,75,30,14,1.0,2,845.2200000000106,-154.7799999999894
5,60,14,75,25,14,1.0,2,845.2200000000106,-154.7799999999894
5,70,14,70,30,14,1.0,2,844.5200000000123,-155.47999999998774
5,70,14,70,25,14,1.0,2,844.5200000000123,-155.47999999998774
10,90,14,70,25,14,2.0,2,844.1900000000022,-155.80999999999779
10,90,14,70,30,14,2.0,2,844.1900000000022,-155.80999999999779
20,80,14,75,25,14,2.0,3,844.1100000000093,-155.88999999999066
20,80,14,75,30,14,2.0,3,844.1100000000093,-155.88999999999066
5,60,14,70,30,14,1.5,3,843.6700000000073,-156.32999999999265
5,60,14,70,25,14,1.5,3,843.6700000000073,-156.32999999999265
15,30,14,75,25,14,1.5,3,843.6700000000043,-156.32999999999572
15,30,14,75,30,14,1.5,3,843.6700000000043,-156.32999999999572
5,40,14,70,30,14,1.0,2,842.9900000000113,-157.00999999998874
5,40,14,70,25,14,1.0,2,842.9900000000113,-157.00999999998874
5,40,14,70,25,14,1.5,2,842.4100000000049,-157.58999999999514
5,40,14,70,30,14,1.5,2,842.4100000000049,-157.58999999999514
5,60,14,70,25,14,1.0,3,842.1500000000125,-157.84999999998752
5,60,14,70,30,14,1.0,3,842.1500000000125,-157.84999999998752
10,20,14,70,25,14,1.5,4,842.1200000000105,-157.87999999998954
10,20,14,70,30,14,1.5,4,842.1200000000105,-157.87999999998954
5,30,14,70,30,14,1.0,4,842.0200000000127,-157.97999999998729
5,30,14,70,25,14,1.0,4,842.0200000000127,-157.97999999998729
5,60,14,70,25,14,2.0,3,841.8000000000033,-158.19999999999675
5,60,14,70,30,14,2.0,3,841.8000000000033,-158.19999999999675
5,100,14,75,30,14,1.0,2,840.7100000000142,-159.28999999998575
5,100,14,75,25,14,1.0,2,840.7100000000142,-159.28999999998575
5,60,14,75,25,14,1.0,3,840.5700000000103,-159.42999999998972
5,60,14,75,30,14,1.0,3,840.5700000000103,-159.42999999998972
20,80,14,75,25,14,2.0,4,840.3000000000079,-159.6999999999921
20,80,14,75,30,14,2.0,4,840.3000000000079,-159.6999999999921
5,90,14,75,25,14,1.0,2,840.2100000000132,-159.78999999998678
5,90,14,75,30,14,1.0,2,840.2100000000132,-159.78999999998678
20,100,14,75,25,14,1.5,3,840.1400000000133,-159.8599999999867
20,100,14,75,30,14,1.5,3,840.1400000000133,-159.8599999999867
20,60,14,70,25,14,1.0,4,839.5800000000019,-160.41999999999814
20,60,14,70,30,14,1.0,4,839.5800000000019,-160.41999999999814
15,30,14,70,30,14,1.0,2,839.2800000000111,-160.7199999999889
15,30,14,70,25,14,1.0,2,839.2800000000111,-160.7199999999889
20,90,14,75,30,14,1.0,2,839.1000000000145,-160.89999999998554
20,90,14,75,25,14,1.0,2,839.1000000000145,-160.89999999998554
20,50,14,70,30,14,2.0,2,838.510000000001,-161.489999999999
20,50,14,70,25,14,2.0,2,838.510000000001,-161.489999999999
20,100,14,75,30,14,1.0,3,835.7300000000095,-164.26999999999055
20,100,14,75,25,14,1.0,3,835.7300000000095,-164.26999999999055
20,100,14,75,25,14,1.0,4,835.6000000000017,-164.39999999999827
20,100,14,75,30,14,1.0,4,835.6000000000017,-164.39999999999827
5,20,14,75,25,14,2.0,3,835.4500000000069,-164.54999999999313
5,20,14,75,30,14,2.0,3,835.4500000000069,-164.54999999999313
15,100,14,75,25,14,2.0,3,834.8100000000082,-165.18999999999176
15,100,14,75,30,14,2.0,3,834.8100000000082,-165.18999999999176
5,80,14,70,30,14,1.0,2,833.6700000000125,-166.32999999998754
5,80,14,70,25,14,1.0,2,833.6700000000125,-166.32999999998754
5,20,14,75,30,14,2.0,4,832.8700000000081,-167.12999999999192
5,20,14,75,25,14,2.0,4,832.8700000000081,-167.12999999999192
10,100,14,70,30,14,1.5,2,832.8400000000065,-167.1599999999935
10,100,14,70,25,14,1.5,2,832.8400000000065,-167.1599999999935
5,50,14,75,30,14,2.0,3,831.9900000000084,-168.00999999999158
5,50,14,75,25,14,2.0,3,831.9900000000084,-168.00999999999158
20,60,14,70,25,14,1.0,3,831.7400000000048,-168.25999999999522
20,60,14,70,30,14,1.0,3,831.7400000000048,-168.25999999999522
15,100,14,75,25,14,2.0,4,831.0000000000068,-168.99999999999318
15,100,14,75,30,14,2.0,4,831.0000000000068,-168.99999999999318
20,30,14,70,25,14,1.0,2,830.9700000000134,-169.02999999998656
20,30,14,70,30,14,1.0,2,830.9700000000134,-169.02999999998656
5,60,14,75,30,14,1.5,3,830.7200000000065,-169.2799999999935
5,60,14,75,25,14,1.5,3,830.7200000000065,-169.2799999999935
15,80,14,70,30,14,1.0,4,830.5700000000013,-169.4299999999987
15,80,14,70,25,14,1.0,4,830.5700000000013,-169.4299999999987
20,60,14,70,25,14,1.5,4,830.4500000000028,-169.54999999999723
20,60,14,70,30,14,1.5,4,830.4500000000028,-169.54999999999723
10,20,14,70,30,14,2.0,2,830.330000000009,-169.66999999999098
10,20,14,70,25,14,2.0,2,830.330000000009,-169.66999999999098
20,60,14,70,30,14,1.5,3,827.4800000000051,-172.51999999999487
20,60,14,70,25,14,1.5,3,827.4800000000051,-172.51999999999487
20,70,14,70,25,14,1.0,4,827.0600000000004,-172.9399999999996
20,70,14,70,30,14,1.0,4,827.0600000000004,-172.9399999999996
15,80,14,70,25,14,1.0,3,826.9200000000053,-173.0799999999947
15,80,14,70,30,14,1.0,3,826.9200000000053,-173.0799999999947
15,80,14,70,25,14,1.5,3,824.950000000004,-175.04999999999598
15,80,14,70,30,14,1.5,3,824.950000000004,-175.04999999999598
15,80,14,70,30,14,1.5,4,824.3400000000017,-175.65999999999826
15,80,14,70,25,14,1.5,4,824.3400000000017,-175.65999999999826
10,80,14,70,30,14,1.0,2,823.2400000000107,-176.7599999999893
10,80,14,70,25,14,1.0,2,823.2400000000107,-176.7599999999893
5,60,14,70,30,14,1.0,2,822.9000000000106,-177.09999999998945
5,60,14,70,25,14,1.0,2,822.9000000000106,-177.09999999998945
20,100,14,75,30,14,2.0,2,822.4500000000062,-177.54999999999382
20,100,14,75,25,14,2.0,2,822.4500000000062,-177.54999999999382
10,70,14,70,25,14,1.0,2,821.9800000000125,-178.01999999998748
10,70,14,70,30,14,1.0,2,821.9800000000125,-178.01999999998748
5,30,14,75,30,14,1.5,3,821.4400000000112,-178.5599999999888
5,30,14,75,25,14,1.5,3,821.4400000000112,-178.5599999999888
15,70,14,70,25,14,2.0,2,821.3700000000014,-178.62999999999863
15,70,14,70,30,14,2.0,2,821.3700000000014,-178.62999999999863
15,90,14,70,30,14,1.0,4,819.5400000000005,-180.45999999999947
15,90,14,70,25,14,1.0,4,819.5400000000005,-180.45999999999947
10,60,14,70,25,14,1.0,2,819.2800000000108,-180.71999999998923
10,60,14,70,30,14,1.0,2,819.2800000000108,-180.71999999998923
5,50,14,70,30,14,1.5,4,817.8900000000067,-182.1099999999933
5,50,14,70,25,14,1.5,4,817.8900000000067,-182.1099999999933
20,90,14,70,25,14,2.0,4,816.4600000000002,-183.53999999999985
20,90,14,70,30,14,2.0,4,816.4600000000002,-183.53999999999985
20,50,14,70,30,14,1.0,2,816.2200000000103,-183.77999999998974
20,50,14,70,25,14,1.0,2,816.2200000000103,-183.77999999998974
20,70,14,70,30,14,1.0,3,816.0800000000066,-183.91999999999337
20,70,14,70,25,14,1.0,3,816.0800000000066,-183.91999999999337
10,90,14,70,25,14,1.0,2,816.0400000000117,-183.95999999998833
10,90,14,70,30,14,1.0,2,816.0400000000117,-183.95999999998833
5,30,14,70,25,14,1.5,3,815.4400000000136,-184.55999999998642
5,30,14,70,30,14,1.5,3,815.4400000000136,-184.55999999998642
10,100,14,70,30,14,2.0,2,815.3300000000016,-184.66999999999837
10,100,14,70,25,14,2.0,2,815.3300000000016,-184.66999999999837
5,30,14,70,25,14,1.5,4,814.8400000000094,-185.15999999999065
5,30,14,70,30,14,1.5,4,814.8400000000094,-185.15999999999065
15,90,14,70,30,14,1.0,3,814.4400000000081,-185.55999999999187
15,90,14,70,25,14,1.0,3,814.4400000000081,-185.55999999999187
5,50,14,70,30,14,2.0,3,813.4200000000043,-186.57999999999572
5,50,14,70,25,14,2.0,3,813.4200000000043,-186.57999999999572
5,50,14,75,25,14,1.0,2,812.8600000000152,-187.13999999998475
5,50,14,75,30,14,1.0,2,812.8600000000152,-187.13999999998475
20,60,14,70,30,14,1.5,2,812.7800000000035,-187.2199999999965
20,60,14,70,25,14,1.5,2,812.7800000000035,-187.2199999999965
20,70,14,70,25,14,1.5,4,812.7200000000013,-187.27999999999872
20,70,14,70,30,14,1.5,4,812.7200000000013,-187.27999999999872
15,90,14,70,30,14,1.5,4,812.3200000000008,-187.67999999999915
15,90,14,70,25,14,1.5,4,812.3200000000008,-187.67999999999915
5,20,14,70,30,14,2.0,4,811.5700000000086,-188.42999999999142
5,20,14,70,25,14,2.0,4,811.5700000000086,-188.42999999999142
5,20,14,70,25,14,2.0,3,811.360000000008,-188.63999999999203
5,20,14,70,30,14,2.0,3,811.360000000008,-188.63999999999203
20,60,14,70,25,14,2.0,3,809.7900000000034,-190.20999999999663
20,60,14,70,30,14,2.0,3,809.7900000000034,-190.20999999999663
5,100,14,70,25,14,1.0,2,809.7400000000148,-190.2599999999852
5,100,14,70,30,14,1.0,2,809.7400000000148,-190.2599999999852
15,80,14,70,25,14,2.0,3,809.6900000000023,-190.30999999999767
15,80,14,70,30,14,2.0,3,809.6900000000023,-190.30999999999767
20,60,14,70,30,14,2.0,4,809.440000000001,-190.55999999999904
20,60,14,70,25,14,2.0,4,809.440000000001,-190.55999999999904
5,90,14,70,30,14,1.0,2,809.2400000000138,-190.75999999998623
5,90,14,70,25,14,1.0,2,809.2400000000138,-190.75999999998623
15,80,14,70,25,14,1.5,2,808.4500000000024,-191.54999999999757
15,80,14,70,30,14,1.5,2,808.4500000000024,-191.54999999999757
20,100,14,75,30,14,2.0,3,807.9600000000105,-192.0399999999895
20,100,14,75,25,14,2.0,3,807.9600000000105,-192.0399999999895
15,80,14,70,30,14,2.0,4,807.55,-192.45000000000005
15,80,14,70,25,14,2.0,4,807.55,-192.45000000000005
15,100,14,75,25,14,1.0,2,803.720000000012,-196.27999999998804
15,100,14,75,30,14,1.0,2,803.720000000012,-196.27999999998804
5,30,14,70,25,14,1.0,2,802.2400000000191,-197.7599999999809
5,30,14,70,30,14,1.0,2,802.2400000000191,-197.7599999999809
5,50,14,70,25,14,1.0,3,801.8400000000157,-198.15999999998428
5,50,14,70,30,14,1.0,3,801.8400000000157,-198.15999999998428
20,80,14,70,25,14,2.0,4,801.4899999999989,-198.51000000000113
20,80,14,70,30,14,2.0,4,801.4899999999989,-198.51000000000113
5,50,14,70,25,14,1.5,3,801.380000000008,-198.61999999999205
5,50,14,70,30,14,1.5,3,801.380000000008,-198.61999999999205
20,70,14,70,25,14,1.5,3,800.8900000000008,-199.10999999999922
20,70,14,70,30,14,1.5,3,800.8900000000008,-199.10999999999922
20,80,14,70,30,14,1.0,4,800.7199999999983,-199.28000000000168
20,80,14,70,25,14,1.0,4,800.7199999999983,-199.28000000000168
15,90,14,70,25,14,1.5,3,800.4900000000004,-199.50999999999965
15,90,14,70,30,14,1.5,3,800.4900000000004,-199.50999999999965
5,50,14,75,25,14,1.0,3,800.2900000000134,-199.70999999998662
5,50,14,75,30,14,1.0,3,800.2900000000134,-199.70999999998662
20,70,14,70,30,14,1.5,2,799.5900000000019,-200.40999999999815
20,70,14,70,25,14,1.5,2,799.5900000000019,-200.40999999999815
20,90,14,70,30,14,1.5,3,798.8100000000061,-201.18999999999392
20,90,14,70,25,14,1.5,3,798.8100000000061,-201.18999999999392
10,100,14,70,25,14,1.0,2,798.6600000000093,-201.3399999999907
10,100,14,70,30,14,1.0,2,798.6600000000093,-201.3399999999907
15,60,14,70,30,14,1.0,2,798.5900000000128,-201.40999999998724
15,60,14,70,25,14,1.0,2,798.5900000000128,-201.40999999998724
15,90,14,70,30,14,1.5,2,797.3900000000015,-202.60999999999854
15,90,14,70,25,14,1.5,2,797.3900000000015,-202.60999999999854
15,90,14,70,30,14,2.0,4,796.539999999999,-203.46000000000095
15,90,14,70,25,14,2.0,4,796.539999999999,-203.46000000000095
20,40,14,70,30,14,1.0,2,796.0500000000131,-203.94999999998686
20,40,14,70,25,14,1.0,2,796.0500000000131,-203.94999999998686
20,90,14,70,30,14,1.0,4,794.6700000000002,-205.3299999999998
20,90,14,70,25,14,1.0,4,794.6700000000002,-205.3299999999998
15,50,14,70,30,14,1.0,2,793.5500000000143,-206.44999999998572
15,50,14,70,25,14,1.0,2,793.5500000000143,-206.44999999998572
5,50,14,75,25,14,1.5,3,793.1900000000066,-206.80999999999335
5,50,14,75,30,14,1.5,3,793.1900000000066,-206.80999999999335
20,90,14,70,30,14,1.5,4,793.029999999998,-206.97000000000196
20,90,14,70,25,14,1.5,4,793.029999999998,-206.97000000000196
20,70,14,70,30,14,2.0,4,791.7099999999996,-208.29000000000042
20,70,14,70,25,14,2.0,4,791.7099999999996,-208.29000000000042
15,100,14,70,30,14,2.0,4,791.4899999999977,-208.51000000000226
15,100,14,70,25,14,2.0,4,791.4899999999977,-208.51000000000226
20,60,14,70,30,14,2.0,2,791.4099999999988,-208.59000000000117
20,60,14,70,25,14,2.0,2,791.4099999999988,-208.59000000000117
20,80,14,70,25,14,1.0,3,790.2700000000045,-209.72999999999547
20,80,14,70,30,14,1.0,3,790.2700000000045,-209.72999999999547
5,20,14,75,30,14,1.5,2,789.7200000000101,-210.27999999998985
5,20,14,75,25,14,1.5,2,789.7200000000101,-210.27999999998985
5,30,14,70,30,14,1.5,2,788.6500000000106,-211.34999999998945
5,30,14,70,25,14,1.5,2,788.6500000000106,-211.34999999998945
20,90,14,70,30,14,1.5,2,787.9600000000047,-212.0399999999953
20,90,14,70,25,14,1.5,2,787.9600000000047,-212.0399999999953
15,80,14,70,30,14,2.0,2,786.7199999999978,-213.28000000000225
15,80,14,70,25,14,2.0,2,786.7199999999978,-213.28000000000225
20,90,14,70,25,14,1.0,3,784.2200000000064,-215.7799999999936
20,90,14,70,30,14,1.0,3,784.2200000000064,-215.7799999999936
20,80,14,70,25,14,1.5,3,783.8400000000048,-216.1599999999952
20,80,14,70,30,14,1.5,3,783.8400000000048,-216.1599999999952
20,70,14,70,30,14,2.0,2,782.9899999999972,-217.01000000000283
20,70,14,70,25,14,2.0,2,782.9899999999972,-217.01000000000283
5,20,14,75,25,14,1.0,2,782.690000000019,-217.30999999998096
5,20,14,75,30,14,1.0,2,782.690000000019,-217.30999999998096
20,70,14,70,25,14,2.0,3,782.6599999999993,-217.3400000000007
20,70,14,70,30,14,2.0,3,782.6599999999993,-217.3400000000007
15,90,14,70,25,14,2.0,3,782.2599999999989,-217.74000000000115
15,90,14,70,30,14,2.0,3,782.2599999999989,-217.74000000000115
5,20,14,70,30,14,2.0,2,780.8500000000075,-219.14999999999247
5,20,14,70,25,14,2.0,2,780.8500000000075,-219.14999999999247
20,90,14,70,25,14,2.0,3,780.7500000000045,-219.24999999999545
20,90,14,70,30,14,2.0,3,780.7500000000045,-219.24999999999545
20,80,14,70,30,14,1.5,4,778.0599999999968,-221.94000000000324
20,80,14,70,25,14,1.5,4,778.0599999999968,-221.94000000000324
15,90,14,70,25,14,2.0,2,777.9999999999967,-222.0000000000033
15,90,14,70,30,14,2.0,2,777.9999999999967,-222.0000000000033
10,20,14,70,25,14,1.0,2,777.5200000000174,-222.47999999998262
10,20,14,70,30,14,1.0,2,777.5200000000174,-222.47999999998262
15,100,14,70,25,14,1.0,4,777.1899999999978,-222.81000000000222
15,100,14,70,30,14,1.0,4,777.1899999999978,-222.81000000000222
5,20,14,75,30,14,1.5,4,777.0900000000112,-222.90999999998883
5,20,14,75,25,14,1.5,4,777.0900000000112,-222.90999999998883
20,80,14,70,30,14,1.5,2,776.6700000000034,-223.32999999999663
20,80,14,70,25,14,1.5,2,776.6700000000034,-223.32999999999663
15,100,14,70,30,14,1.0,3,775.210000000005,-224.78999999999496
15,100,14,70,25,14,1.0,3,775.210000000005,-224.78999999999496
20,60,14,70,25,14,1.0,2,774.8600000000064,-225.13999999999362
20,60,14,70,30,14,1.0,2,774.8600000000064,-225.13999999999362
15,100,14,70,25,14,1.5,3,773.8400000000037,-226.15999999999633
15,100,14,70,30,14,1.5,3,773.8400000000037,-226.15999999999633
15,70,14,70,25,14,1.0,2,773.8000000000136,-226.1999999999864
15,70,14,70,30,14,1.0,2,773.8000000000136,-226.1999999999864
20,90,14,70,25,14,2.0,2,772.5200000000003,-227.47999999999968
20,90,14,70,30,14,2.0,2,772.5200000000003,-227.47999999999968
5,50,14,70,30,14,2.0,2,772.0200000000008,-227.97999999999922
5,50,14,70,25,14,2.0,2,772.0200000000008,-227.97999999999922
10,20,14,70,25,14,1.5,2,771.30000000001,-228.69999999999004
10,20,14,70,30,14,1.5,2,771.30000000001,-228.69999999999004
20,100,14,75,30,14,1.0,2,770.4800000000125,-229.51999999998748
20,100,14,75,25,14,1.0,2,770.4800000000125,-229.51999999998748
5,20,14,75,25,14,1.0,4,768.4200000000143,-231.57999999998572
5,20,14,75,30,14,1.0,4,768.4200000000143,-231.57999999998572
15,100,14,70,25,14,1.5,4,768.0599999999956,-231.94000000000437
15,100,14,70,30,14,1.5,4,768.0599999999956,-231.94000000000437
5,50,14,70,30,14,1.5,2,767.4300000000043,-232.56999999999573
5,50,14,70,25,14,1.5,2,767.4300000000043,-232.56999999999573
20,80,14,70,30,14,2.0,3,767.2700000000033,-232.72999999999672
20,80,14,70,25,14,2.0,3,767.2700000000033,-232.72999999999672
20,70,14,70,25,14,1.0,2,766.110000000005,-233.88999999999498
20,70,14,70,30,14,1.0,2,766.110000000005,-233.88999999999498
5,20,14,75,30,14,1.0,3,761.4100000000177,-238.5899999999823
5,20,14,75,25,14,1.0,3,761.4100000000177,-238.5899999999823
15,100,14,70,25,14,1.5,2,761.0800000000023,-238.91999999999769
15,100,14,70,30,14,1.5,2,761.0800000000023,-238.91999999999769
20,80,14,70,30,14,2.0,2,759.5899999999989,-240.4100000000011
20,80,14,70,25,14,2.0,2,759.5899999999989,-240.4100000000011
15,100,14,70,30,14,2.0,3,757.2700000000021,-242.72999999999786
15,100,14,70,25,14,2.0,3,757.2700000000021,-242.72999999999786
5,20,14,75,30,14,1.5,3,751.6200000000122,-248.37999999998783
5,20,14,75,25,14,1.5,3,751.6200000000122,-248.37999999998783
20,100,14,70,30,14,2.0,4,750.8399999999988,-249.16000000000122
20,100,14,70,25,14,2.0,4,750.8399999999988,-249.16000000000122
15,80,14,70,25,14,1.0,2,749.1900000000082,-250.80999999999176
15,80,14,70,30,14,1.0,2,749.1900000000082,-250.80999999999176
15,100,14,70,25,14,2.0,2,745.3499999999977,-254.65000000000225
15,100,14,70,30,14,2.0,2,745.3499999999977,-254.65000000000225
5,20,14,70,25,14,1.0,4,744.2500000000152,-255.74999999998477
5,20,14,70,30,14,1.0,4,744.2500000000152,-255.74999999998477
5,20,14,70,30,14,1.0,3,741.680000000019,-258.31999999998095
5,20,14,70,25,14,1.0,3,741.680000000019,-258.31999999998095
15,90,14,70,25,14,1.0,2,740.1400000000075,-259.8599999999925
15,90,14,70,30,14,1.0,2,740.1400000000075,-259.8599999999925
5,20,14,70,30,14,1.5,4,739.04000000001,-260.95999999999003
5,20,14,70,25,14,1.5,4,739.04000000001,-260.95999999999003
20,80,14,70,25,14,1.0,2,736.2200000000063,-263.7799999999937
20,80,14,70,30,14,1.0,2,736.2200000000063,-263.7799999999937
20,100,14,70,25,14,1.5,3,733.1900000000046,-266.8099999999954
20,100,14,70,30,14,1.5,3,733.1900000000046,-266.8099999999954
20,90,14,70,30,14,1.0,2,733.090000000008,-266.909999999992
20,90,14,70,25,14,1.0,2,733.090000000008,-266.909999999992
5,20,14,70,30,14,1.5,3,731.2600000000127,-268.7399999999873
5,20,14,70,25,14,1.5,3,731.2600000000127,-268.7399999999873
5,50,14,70,30,14,1.0,2,727.6800000000144,-272.3199999999856
5,50,14,70,25,14,1.0,2,727.6800000000144,-272.3199999999856
20,100,14,70,25,14,1.5,4,727.4099999999966,-272.59000000000344
20,100,14,70,30,14,1.5,4,727.4099999999966,-272.59000000000344
20,100,14,70,30,14,1.5,2,724.360000000003,-275.63999999999703
20,100,14,70,25,14,1.5,2,724.360000000003,-275.63999999999703
20,100,14,70,30,14,1.0,3,722.8200000000063,-277.1799999999937
20,100,14,70,25,14,1.0,3,722.8200000000063,-277.1799999999937
20,100,14,70,25,14,2.0,3,721.0900000000031,-278.9099999999969
20,100,14,70,30,14,2.0,3,721.0900000000031,-278.9099999999969
20,100,14,70,30,14,1.0,4,721.0799999999994,-278.92000000000064
20,100,14,70,25,14,1.0,4,721.0799999999994,-278.92000000000064
20,100,14,70,30,14,2.0,2,702.1699999999986,-297.8300000000014
20,100,14,70,25,14,2.0,2,702.1699999999986,-297.8300000000014
15,100,14,70,25,14,1.0,2,699.5000000000081,-300.4999999999919
15,100,14,70,30,14,1.0,2,699.5000000000081,-300.4999999999919
5,20,14,70,25,14,1.5,2,687.8600000000094,-312.13999999999055
5,20,14,70,30,14,1.5,2,687.8600000000094,-312.13999999999055
5,20,14,70,30,14,1.0,2,680.9400000000171,-319.0599999999829
5,20,14,70,25,14,1.0,2,680.9400000000171,-319.0599999999829
20,100,14,70,25,14,1.0,2,651.430000000009,-348.56999999999096
20,100,14,70,30,14,1.0,2,651.430000000009,-348.56999999999096
